tag_id,food
HU90jm17ay,pastry
KW17ll37tm,chocolate
YB09la23xy,cocktails
NX05tu19za,croissant
OL83vo19re,ham croquettes
YL65st33by,tomato
RO49yk22dm,meat
CX33tq55iu,scallops
GB90qq06uf,mashed peas
IY82ul09qf,huevo
XS11ln95ll,steak
QZ02tw38ej,sangria
RS84zi69tr,bacon
OP79kz74vn,pastas
HD37ww46vs,cheesecake
ZX63nj86cf,soup
RU03fy78va,vegetable soup
AM25ww95ck,sake
TF62rz82rr,plum wine
IG43jh93wp,beef
DK01ys56gf,dishes
KJ84am19vg,salat
DD88mh87ip,tuna
GM17kv38qf,fruits
GW45lf61zh,granola
BL79os95mm,cheese croquettes
UD89zd79fx,tortilla chips
OF20ai01in,caesar salad
DT17wx95im,bread
XJ65fa77uj,salad
RC00vk43dx,carrot
JH19ic23gh,tartar
VL75uj44ue,calamari
VV02kf08od,prawns
UL17hs00zt,potatoes
TQ48cn27pc,risotto
SA34ed43gc,zucchini
MF04jv16ed,sandwich
JP68mi01xy,paella
JC15sd78fv,tagliatelle
GR47mo21oy,wine
KU44xc56gh,sauces
CL72ck06wm,caracoles
ZX42sk72tk,mushroom
XE49vb15oq,green salad
DQ95sq86yt,hummus
IR69ln55bv,pina colada
IE79hn52lz,daiquiri
UC62cx65cq,warm
MN74bw45pi,brandy
PI99tb78vf,fig
MY44ja93qm,chicken
MX57bb62fz,squid
XP94sl44jr,sausage
KD28uo41ha,ham
YH96ae18id,steak tartar
BY24zd51kb,tomate
SD95xl05tv,starters
OY24cn16dh,pasta
PK25fa99ig,pizza
QI80pv06xw,cake
IF82qz94uc,garlic
JZ76dq73uw,noodle
EC66ga90xp,pancakes
DR56zl60pn,hot chocolate
QX98vh46vy,melted cheese
RT05xd92hf,cheese
NR14fx57dd,potato
VU11jb36et,king crab
ZL89ch25fx,white beans
IK43qt22bt,brioche
AE44ma64wd,ravioli
VG97zk60gh,raspberry sorbet
GB24jk51by,beverages
GT95ne03du,tomato sauce
WM00ek19dn,fried sardines
KG98pt02aj,fried calamari
CK62fk19rn,soy sauce
OF31dl92pb,custard
LF47lp97at,fried artichokes
NJ98ew21yy,hamburger
QJ93fo84gd,salt
JN02sc46ir,mashed potatoes
TF94wz47it,shrimps
KG97uq87ad,beers
QE29mu45qy,fried egg
WT48no80ko,york ham
RQ29fs64jq,drink
JN41qf18ta,fried ham
WP71vc60qt,marinara sauce
VI56ex46gx,rice
SG55vh37jq,salami
PM92gn41bc,fettuccine
GO02rv59zj,octopus
XX39cf74dd,grilled fish
HI51ot57ge,roast suckling pig
ZQ20xh58yy,goulash
YM80mh13qq,snacks
KR35bg49cq,omelettes
DO38yx44rc,strawberry
GZ89fx35gj,ice cream
PN79ex38kl,pepper
KW43gs52vd,parmesan
JH35ea55et,cuit
EE07ps69ee,gingembre
MG28qz98nm,sardines fumées
FR91jo43ce,girolles
BS46ua32mw,citron
JK87rw98bk,entrees
VX49cr32fe,honey
HY73th23zl,aubergines
SR49cc60sv,cod fish
BK92mk40lr,eggs
MO33kr66dk,food
SX09fc71uj,shrimp
QL86wk92dn,artichoke
OB42ns86hv,gins
GK93se89dl,scotches
FV55mu67gc,bourbons
DU95ep39uw,ryes
OR62sr54gg,salmon
EQ38fo16yt,veal
IS77ub72pr,croquettes
KZ30zy78md,crabmeat
ZS94qm96cx,lamb chops
GF51tz14qm,steamed shrimp
PG02ri31mh,beer
NU35xl17tj,french fries
EK02cw46ef,brunch
MW02ey51yx,eggs benedict
YW53ng79qm,olives
RY79mj67er,roasted tomatoes
NO29di22nv,peppers
IJ07bu40oq,perfection
AN22is10qa,apple pie
WA02yh68cs,cream
BE73ze75uh,bacalao
UT72uo17ec,vinos
ZM07bm71hf,postres
BQ23uv84si,orange
TD80hc76if,mint
KF41os83ll,desserts
BK59tv17fy,coffee
BF68yr18fz,cornbread
BR75oe93sb,scrambled egg
HC84gc70vi,tortillas
BW75uw37dj,nachos
TV05uz70gk,fruit
ZC35vc94gq,yoghurt
CU62wr52bt,cakes
UA41pd35kh,cappuccino
US00ee23pb,sausages
QM21ou19mp,bell peppers
EA84bd54ju,brie cheese
LM55wd65te,fillet steak
KM07sv55zu,cream potatoes
SB57ti64ah,tortellini
JU46ok43be,sauce
VG76am68pd,cream sauce
JW92hg27yw,egg
WH04vt41bt,eggplant
DS34km47ln,anchovy
CA46um94xw,scrambled eggs
ZA02eu05ve,chorizos
IX48po90oy,2
QH22hr22na,sirloin
TV94gc87sd,corn
IM00lm32kp,roast beef
SQ94yj35yb,seafood
QZ88or47hj,appetisers
KD76po00gu,mushroom omelet
NF55yn90vk,shrimp tacos
MJ26kl60rh,fresh cut fruit
ZK87sb72xz,salads
FQ13gu28aw,ice
DZ70uj27ld,beverage
NE67ck91id,razor clams
QZ82mf79jx,fish
RK28wp89wl,tofu
IV28xx38cv,homemade noodles
DF62ml08ou,pork
XI60aq24wx,boiled egg
JU98yb92tn,fresh mint
FA69ge07al,creme brulee
KM57th96hn,hazelnut
KI82bv39eu,pistachio
WL22io01ew,calamari salad
NZ87ym19fl,breakfast food
UF18qi61tp,goat cheese
IZ65qb34dt,burger
PT02vr00ub,cool
JT59cv35nr,avocado
NX04nk96do,smoked salmon
EH45rh37pc,creme catalan
CF08wg97ww,red peppers
ZH24fe23qy,orange juice
SU29pt70vg,delicious coffee
CG73tz39qi,specials
HC27zb86or,baby eels
DZ22yw03ah,tomato salad
ZD84al52vi,tomatoes
XO97nj97bm,clams
KL85oo14ct,apple puree
SC05ul98rg,tarte tatin
IR80gm32rf,gin
IV16vz22qn,vegetables
FM49gq15yn,tonic
HE77lw78vj,tomato soup
YI49se10hy,sweet
MA49he03dt,asparagus
OQ57ni46ye,quails
PI68yz02kh,baklava
XQ60ir14ml,veggie
HK09ds94xj,appetizers
EW46ti52jv,nuts
YO69fl85ic,banana
IZ72ko09fc,caramel
GP36sb08uy,wafer
CM25rv88fz,swordfish
CE09wc51ar,cheese pizza
HP22gv91dh,foie gras
TE44jo86lf,anchovies
WS22ga08eg,caviar
TD74lx88pr,onion
JR66zl16qy,yogurt
NJ04mt48bp,beans
GB63mv67kn,spinach
GX78sy20va,marinated leeks
VT33cu20qg,onions
ED40vo57od,fried eggs
ZL31md63aw,fresh orange juice
ME34gv00oh,dates
PH10qp97xj,coconut pudding
FR64lw99xn,carrot cake
HV14lj37iv,chips
CV20ll00vz,lasagna
LT15yi86vg,vermouth
RL15hj91xw,tonic water
QA38vd14um,lemon tart
FS35ok59ck,chocolat
FV23kh06uk,crepes
IR36gy36aj,juices
YD07jc76wp,bagel
DR53kl03xv,black olives
LV72wn13py,pastries
ZB03fj34ak,sandwiches
LS02ye20wq,croissants
CZ91lo59vb,cinnamon rolls
GB56gm45xm,almond cream
RU54go00lq,zanahoria
JJ45ov16mo,patties
HC69yw58xl,buns
JE54kt66sy,tomato chutney
NN21ms98dv,café con leche
YI32pl75ty,dulce de leche
MC34ng44ra,cinnamon
WK34fq79tm,sugar
TE20ve12sr,strawberry ice cream
LU85ck02se,hazelnut ice cream
BV56ew46ue,gelato
HJ25im36ka,mushrooms
IA70kh24yj,mushroom risotto
NR67wh07ez,curry chicken
XA47gs07sg,olive oil
ZH66lw98ae,mussels
YR17jr15na,sour
LV41yv40ms,potato salad
BT17yt36ha,diced tomatoes
JV14dl95bp,spring onions
NH34rm51ax,mousse
UC59ci93lx,fillet
VH13fy88ae,fritters
TZ48hd00lv,mashed potato
CW00fs56ef,foie gras sandwich
UK33pq62vk,cauliflower
IF85jj21uc,beet
OX10qt32ha,mushroom croquettes
NP18xk52vt,onion soup
RN49wt05zw,maple syrup
"NA72ao03tr",pepper sauce
BY86km27ri,truffle
UF91rq61gw,lemon pie
QQ79wu85fz,oxtail
KV77hn06ly,sardines
OX93of46up,cuisine
OX31yd18eu,tea
PL44pf25fp,lemon
YS54zt82im,mango
KA06aq97gy,cheeses
OM01ze36lt,lobster
WV95ai56do,champagne
WJ20wl03bh,brie
WD38wx93yd,fig jam
HR13jz41sg,crab
ZP54jy75qs,chicken wings
NB78qq61bb,bacon cheeseburger
ZD42ox14aj,potatos
CW53pf59vf,coffe
NI82xy09ta,roasted chicken
XA40pl56sh,arroz con leche
GR28ae68tm,hamburgers
FI44ra14vc,poached egg
EU12ju03nt,homemade cheesecake
DV57uc51bf,steaks
IJ11eh58lh,crema catalana
QC91ko58yx,dried fruit
AZ02bt92hp,freshly squeezed orange juice
PU65bu21dl,provolone
XT31bi21ai,potato chips
ZB97nl17qk,jam
XW41ah95to,tiramisu
UJ66xq25vh,apples
BJ67go90sn,strawberries
HW50nu10vm,raisins
JH60wf98xk,gnocchi
TV99qb63iz,ricotta cheese
LS82ry22fy,sweets
CF53gc64ul,meringue
YT98cm80zq,biscuits
VK77tb89ng,chocolates
PU73kp52vu,chocolate croissants
XK80mj30vl,gazpacho
CQ53fc04iy,green chartreuse
TC76hc13oi,lettuce
HP38ag17rd,pale ale
TX58bp75tm,espresso
MO56bk37il,suckling pig
TW22le63co,cinnamon roll
XB99dl79te,chocolate chip cookies
NJ26qe82bm,champignons
VU39ng95is,smoked sardines
DS95ib33vn,duck
GB43bi38ie,aperitif
YE89gd28ps,raspberry
QE28vs93fi,cranberry
AN46rz32pj,coconut ice cream
CH40jv45tb,cheese board
KP10ai25wz,ratatouille
UF37iu33sj,dessert
LL24au66ly,drinks
TS87zv12ei,apple pudding
VX37ny82kb,meals
YO42xi14tj,grilled chicken
NE20ls80yz,pumpkin cake
MG59zo20pe,french
BQ07ec19hm,appetizer
OD09uk87do,mozzarella cheese
HP96mn41jn,greens
EC74tf59yi,mixed seafood platter
LJ76cv97by,croquette
VG05zv75ew,tuna fish salad
AW70qy47qw,sirloin steak
IQ68iz17ak,white asparagus
OJ42dk66xh,vanilla ice cream
EL74bm37ku,passion fruit
QN86at70kp,veal steak
RS45bg11sz,roast chicken
MJ96ny20zo,roast beef sandwich
AA83wl91em,stale bread
ZC80qn90go,water
KS36ag18sd,charcoal grill
TW42nx37bv,grilled lamb chops
PT16yj45mt,chocolate mousse
WP64vo29pp,dolci
UA64zr88pc,bars
KW58ry57ns,fresh tomato
QY26ax95ts,queso
EI45tv44jv,miso soup
UZ95pj86pp,vegetable
IA18bp62vc,baguette
ZD38lx06st,juice
BP00gp07pp,sweet potato
IN18ii56oi,puree
UB38ry04zk,spaghetti bolognaise
SY33hu11ke,kale
HG24gv72ko,apricot
EB28bs71pu,goat cheese salad
OM47od32vc,quesadilla
MX88sl58mg,aubergine
AF35sl16nn,spanish omlette
NG01wz48fg,jamon
OM11ak80xu,soda
OD02ng80ib,vanilla milkshake
DK00cc16qd,milk shakes
RQ21sf31xl,fresh tomatoes
XV15nn47bq,chicken sandwich
RU17dh53xj,fresh oysters
DG96jy15sz,brownie
IK98xh59kl,lentil salad
QV92hg67ti,petit fours
GV76be94hx,roses
AR46wv12mq,coctails
VL10wv70fd,tortilla
FA16hc37rb,mexico
HX33yc02ka,lasagne
YO84lv90kt,truffles
FM76cy19xc,de pollo
UK85jf20yj,lemon sorbet
CH44pb31gh,mortadella
JG06so68ux,sea urchin
MJ61qx52rm,fried chicken
DB42xf02ua,raw beef
GZ37pd24tv,egg omelette
MM95sx77hp,flour tortilla
TR89wi16nl,lime
BS48lg58gl,ginger
JW06fn55ju,mayonnaise
UD32kk85hs,cottage cheese
HD85cr77lk,pico de gallo
PO63nx66un,carpaccio
RI69se86dk,chicken croquettes
PZ89db60rl,spinach croquettes
TB48ex22ps,potato omelette
LB30dz39vm,lemon mousse
IT34mj24bv,lamb
AU72xv22sx,fried potatoes
MS34gm83qr,specialties
RO75gd80il,beluga caviar
SR14mm69oi,creme fraiche
HC18ev55jn,guacamole
ZT59vu44yq,flan
PD76jr36qn,caramel sauce
OG37wo65ln,porchetta
XA22tr02mf,omelette
GD03uo12hu,mixed salad
IS68bi71ps,vegetarian
ZS19bu22es,soft drinks
NL68nr75oa,chocolate sauce
YD95jz56aq,toasted bread
BX37jp50kf,succulent
LB78lo42we,artichokes
QM48yx38iv,garlic bread
QH63ic94tl,mozzarella
EC15gv37zs,crayfish
NO60yc92wr,cheese souffle
DE91pw59td,stewed beef
TN90ps53uu,pear
WR14cr79cx,steak tartare
AS73ub76es,black sausage
XQ37wd02zb,prawn
CX67tz46hm,noodles
RD42dm57wy,fried eggplant
TY42yb09ra,black rice
KH75jk16cl,oysters
GF75zj22tq,duck liver
OT66rz73hj,shrimp cocktail
RO61rn35iw,cheese cake
VT62zz18hz,cheese plate
AJ67xq03vi,fried prawns
BU57rd09ui,steak sandwich
YO84fp74sk,deserts
WP79vi72tr,enchiladas
RN79uu09aa,green sauce
TX82hp11me,sweet cocktail
VB78kj59hp,fish soup
AB48kz98fd,fresh fruit
WO15bd92fv,strawberry jam
IY35tc36jw,cream cheese
PN19bf28fo,blue cheese
JI38qj96dm,chicken sandwiches
VB25bd92bk,skate
JW47vu04zb,fresh squeezed orange juice
SR13ug12rx,salad bar
JO28zk74oh,ribs
DU67df46xh,slice
XF59vt03dz,mimosa
UP33kv55ny,house wine
YE83po95vk,seafoods
NW00iu51ix,prosciutto
WA68rh87ce,grilled quail
ZM94dj14hd,charcuterie
KK31er45fv,bread basket
CE62us84rr,cucumber
KI24ab49va,jumbo prawns
KH43kw49ng,tuna salad
OE72ig57ji,sour cream
YB10uk16ak,cocktail
JZ22rm25kt,mango salad
QB75cc35tm,spicy beef
KL61yu16et,fish meat
NL72wk88pg,crackers
QD80yn16pt,pan tostado
XO70ei42ch,burrito
OD12zr93yw,fresh bread
TM56xr35sb,snails
UB35wv29uh,fruit salad
VH43cg51im,apple
HQ88mx55ya,melon
YA62on53hu,marinated olives
JK56cb12ph,pickles
LS46kg24ck,huevos rancheros
XQ68us70fk,stuffed grape leaves
XT18qd02lg,spaghetti
DD38pa84tc,meats
EL92yk60ib,broccoli
CF75fs06gm,bolognese sauce
OK12uv09mv,hamburger steak
OV10wb19al,blood sausage
QK16ct87ds,pork sausage
SC76ah64bl,polenta
HP60ve37wm,sugar snap peas
EW29kh50lq,fried tomatoes
WM31zl82nr,cherries
UH88qn42lq,cokes
BL36ml40ck,lager
MI41bf36fz,tempura udon
EN68fp41tu,green onion
AU44cp08op,tempura
OQ20zp43ux,omelet
MH32cj93qu,entree
LU15to48lf,white chocolate mousse
PK63xb76ic,hams
VI92jg35zr,figs
PL56ob92js,milk
GO74de75km,cupcakes
GO25mj45qu,skirt steak
LD45jz35py,waffles
QO49fn37ba,fresh salad
DO03sk29kf,brioche french toast
LL56fg72sx,gluten
VS60bf55cm,radishes
LN72ui83wx,hard boiled egg
GB94pw22dj,salades
KA03bw08ar,fried rice
WZ74gj04cd,iced tea
SV72un02xr,san vicente
XO47ep74vs,assorted cold meats
OH72ui40zo,antipasti
RG05jl79lo,pepperoni
HS50cn85iv,mixed grill
SE01rw29vv,tandoori chicken
HJ67ao90vb,green peppers
CS94gu92bc,seafood platter
OD93my50lz,lobster croquettes
ZO00ph43lj,tea pot
UW79pt75bl,cookies
WU33oh81kj,lettuce salad
QQ49xa97eb,mollejas
HA01yc74px,pan
KJ62zm42uz,nocciola
KE28cu61gq,rum
IK63fo38pk,mushroom sauce
TH44cs11kr,almonds
DA15iz05kz,raspberries
UM64qb03yr,club sandwich
UC79oy34if,chili cheese burger
CD54ku76pi,brussels sprouts
TT72ls88in,homemade ravioli
ZQ31il56qi,fresh shrimp
HF99fr41zt,fried cod
US35gy04fj,lemon juice
FT21fp44du,pork tenderloin
WN84hy10jk,menta
PY86cr08fy,fresh milk
YR70xl15kw,chocolate cake
BV50zm31bt,cheese platter
MK94cw36nj,pint
HG15xc82an,cannelloni
KY80oo92fd,apricots
GO98nq65kj,whipped cream
FF58nv41dl,la carte
SI79rb95pz,homemade desserts
DB75oj73dd,poultry
YO81ft53mi,beef tenderloin
DO10oc80pv,pineapple juice
OV87vy04fb,grilled cheese
SO09ke62fz,waffle
ST98ck44vi,pancake
JH24bw82hn,wheat bread
NG30tw29wp,tenderloin
VK63mb24ex,fresh fruit juices
BY10hw80ch,teas
FK33pf61tz,feta cheese
QQ53gg21na,fine herbs sauce
ID30mq11ny,steamed mussels
XP95pd20cn,menu
TX05ae65xv,plat
NJ45ed72no,birra
BW80cy12nm,margarita
NF20cg75fj,brownies
JF41yc64as,tart
LG91wa57fx,entrecote
DB04uf56hp,natural potatoes
RH24jg28qe,grappa
DZ12we05hr,classic martini
KK72cy24wv,grilled sardines
QX10az06mx,bread pudding
FO62au54qr,dish
SK21pv08sh,chocolate pastry
CQ46no53ps,watermelon
AF89fy99pj,pork chops
RW56ru86wl,plate
UD09ny82qc,fry
KU23jm46ib,chicken salad sandwich
SP70xo21zj,rolls
DO98yk04wy,desert
LT11wv79kn,endive salad
AF41sh79rg,walnuts
WC47es71xx,vegetable cream
ZK23ki24ki,negroni
WX01md38wm,chefs salad
MS96oj06th,rosemary
MZ95wt40fm,perfect
BE08ci10bf,sweet melon
UO08ce07wr,baked potatoes
KZ31mm10zv,red wine
GN66bo42yt,mushroom soup
CV48wi52ow,green apples
JU89lh89rk,beef sandwich
FY43al02zt,vanilla
IN19kt97zd,steak fillet
CX99py11rw,pastrami sandwich
YB47fh64ow,quince
MF30ch84wc,assorted olives
WN39nf18xn,strawberry daiquiri
AH56xt10oi,ham salad
IP05ir55cm,chocolate ice cream
GB74wo16kd,aperitifs
CS75xz35av,butter
YI77cj18ik,milk chocolate
CI36uf60gk,gin tonic
QL58lf75nb,vodka tonic
UH03pi83at,cervezas
OB60yi35bf,green spaghetti
ES26vd41vk,lemon tea
VN94in41jy,stuffed potato
OA17bh42sc,peas
DW06qp48uj,blackberries
CG51sk23zf,sangrias
ZP00xk51gg,fromage
GP12yt20oj,sushi
AD71pr49zz,mexican
SB94oi45rc,endives
QY35rx10yg,vinaigrette
CZ80we85wt,grilled sea bass
AS09oo55fp,liqueur
LO93ja35sq,cinnamon ice cream
WO44dx62be,morcilla
TQ27nu17yq,tutti
IK65mv94po,ketchup
FW27nq66gi,arroz
PT51jg30il,grilled lamb
OH53hu83zb,soups
TO88vm53qj,lobster stew
IN23lv21zz,baked eggs
VN34yu01fh,sardine
FW54fh44wj,clam
JH81ae73dx,pineapple
UT96le65jg,grilled vegetables
VO95vb08xp,vodka
AM89ly64tb,fried fish
OV01bc25rq,pitcher
SO86hy53xh,boiled potatoes
BD77mt85yg,leeks
RC22xb66qt,tomato juice
FJ20wg73na,cold
WG05uz22ku,salmon roe
SC42rj55on,lemonade
UG55fc03jb,prawn salad
OA04uq84ca,coke
UI03xv23jj,ganache
XJ51ut13gj,orange cream
ZJ13wi14mr,berries
MM31qs74gk,chantilly cream
AQ83vx57dt,serrano ham
NI36xc01if,fish tikka
PQ51en00qq,chili sauce
LE74yj38iu,fried plantains
ST18ud11cc,crabs
VN89tb59uo,crawfish
HL84nd20em,mixed nuts
JG83ek30ai,ice creams
RY37ce62lg,meat dishes
HQ05qb72ku,swiss chard
NP67lr30mq,grilled sausage
AA79wj61as,ensalada
DA93mq02fv,smoked sardine
CM95ju29al,curries
FV30yf61ey,bean salad
GM11ks36rw,stew
QE72ge71wl,almond cake
VL93tg14pb,pork cutlet
GH11yb70fo,grande
EP28eu76qe,sorbet
DE91kb58pf,macaroon
IE92je46qu,dry
KP51ni87co,pastrami
RV04qv45fd,pink lemonade
JY23tj62kh,chocolate truffles
AP87wh10rz,green tea
MJ90gx27vf,taco
WB43md66ao,pollo
WE22up24qv,salsa
FW68hk35iy,spaghettis
BG51rz85hk,vegetable fried rice
ZR11yp59iz,parsley
LJ79cz68my,thousand island dressing
LU94tk85lh,vegetable salad
RM57md30nl,bagels
BG74eg34yb,muesli
GF59pl87lv,bananas
BM64mp04oo,casserole
GT41de66gt,hamburguesa
OY89nh51wk,pumpkin
CY59se98fw,whiskey
SX36kq40mc,fresh grapefruit juice
PE74zo55gy,vino
ES86yc17vk,chicken broth
PI41ff31pq,potato pancake
UI09xf19za,raw
WP95xm79gb,crab salad
KY28gm57wg,nan
MC34yx33gf,soft drink
MZ95yw67fs,leek
YL09tj96gr,sea food
WH12vl27ed,crema
UU21ej62hm,chicken curry
KJ05zl55rn,chicken tikka
QW80hl18dl,sea cucumbers
RN88ju01si,langoustines
DP66sk80fy,scampi
BM31og98wc,baked fish
TT35yu85ji,mixed green salad
BL24gi18kb,bakes
NH24hl32yx,pineapple upside down cake
PT60po98we,baked lamb
SD81sw72uh,hot
OU36zl75co,rabbit
GS68cl96xb,martini
VD08wq19uw,cups
YT53vf35cv,candies
VE16wm28cc,macarons
AW86ct36yd,marinated salmon
XD80qn18xr,crab legs
MM02ih57qy,cucumbers
SB83bd48qr,corn meal
TK21em13yv,pate
LS48dv99by,creme
MZ85yw59nb,antipasto
VV78gx09lr,patate fritte
TC22vs31rw,fried egg plant
VV62sc09ia,hot dishes
ZB31fs40sq,succhi
TK87sl62ms,beef burger
PV06sj20in,grilled tomatoes
AA74du43yo,pork loin
ZT94to67bp,seasonal vegetables
IV07mh34mz,carrots
ZF74kl91ek,green beans
QL32ei91ha,sweet potato fries
YZ52lq78wa,sopa de pescado
LF33dc81yc,muffins
SO70mr91cs,beef noodle soup
PL89lv47sc,poached eggs
LP71kh56at,tomato & cucumber salad
LY42wd07ar,batatas
VF31ge41eu,shrimp sauce
KK47ls20ow,entrecote steak
AJ46ud45dn,avocado salad
KE56xw50kh,café
SA28la42ae,fresh clams
TL72ng30yf,truffle sauce
TA15wd09ai,tapioca
BK03qm83ge,wines
QF61qe74ip,codfish
VS64ku04em,bebida
XK82oy57ih,iced coffee
KG79ns96gz,turbot
JG59sv93ju,stewed chicken
YM79ll93br,cod
BU17ja22sd,grilled lobster
IO12mo86cg,spirits
RH17ix95he,fromages
BL57yu28wy,rose
PZ78da77jh,meat pies
ZC88xd68mq,mango ice cream
MK95mb80kx,fresh fish
KI61aj67ly,pistachio ice cream
RH48ha43yc,lemon chicken
KZ28wx61zt,homemade lemonade
UI61cq16ds,restaurant
VF47ox72qv,tartare
NE32co33hr,salmon salad
DX23ng65ia,grilled ham
CW13ws56ih,cheese sandwich
HA19kk62cz,pear salad
UJ94vo26mk,sprouts
AT54tc41ru,butter cookies
AL36xc37se,vino tinto
GM00xf78eu,cheese pie
QC51vw92ud,cheese sticks
EC30qz78bv,prawn curry
VQ46nj16bs,seekh kabab
QK47ow15ve,beef goulash
LJ75qa50ts,raviolis
UX47eg87fj,strawberry sauce
QP47hj92ix,strawberry pancakes
IB95ik14lc,raspberry sauce
PE88hr59dq,greek salad
TH55kf53hf,assorted salad
QD25mb43if,stuffed mushrooms
GV84fv17ew,crème brûlée
UB11ao72ho,pita
WD43zb03ed,ginger beer
PM80fm71ia,homemade chocolate cake
OS33we03gq,pizza napoletana
MZ36gy34vt,chicken breast
ZK61rx48yr,potato gratin
PI54la21gm,grilled potato
LF45sy25yo,sesame sauce
AA40af60lb,grilled turbot
BT52pm96bv,moca
MW63ll55gl,yogourt
PE98xm28so,breads
PX39jv23jy,orange sauce
UN90jb73vg,bottled beer
KR07ay32lj,marzipan
XX21ov04as,chicken fajitas
EG07tz51by,wine sauce
CU63kv89zx,king prawns
CV67ho66wi,fish dishes
UY01qx99pk,lamb curry
MY59dv93fg,cheese tray
UW15qr74sn,chanterelles
KC60vb40bh,milanesa
HS06lt84wi,mango sorbet
JJ89jb71qy,new potatoes
AN49jt97hx,pumpkin soup
DX19rt62iq,mango rice
BU41cn41ez,parmesan cheese
WA38fd86rk,frozen pie
HQ39bf53eh,raspberry lemonade
UK06ky69cv,chicken quesadilla
YK22mf98td,rib eye steak
LH47nu10mv,baguettes
PO08lf21qj,mandarin
BT62al23ce,doughnuts
FR97cp14rc,sweet potato chips
NQ72jp57tn,sashimi
QH28pa32pq,korma
FO26ov76ck,filete
ZI36dw96wj,dressings
IA75wg21jk,liver
NP40nd65wg,mushroom salad
TY18jl60yw,truffels
MC09pw18pa,macaroni cheese
GW74uf64oo,amazing chicken
WV15sn29yg,banane
YQ64id12fk,parsley sauce
ME54du00uo,pleasant
SC72ue99qn,tequila
LY88dt44je,sea bass
VS07gm38bt,fresh peach ice cream
DP86wb97wu,milkshake
ZQ77hp96ug,white fish
HB33kj29lo,strawberry yogurt
BW40rz18rk,latte
JY69xj40et,scones
ON71ed04qt,salmon fillet
YC05uz29jp,corn fritters
VJ99mi47nv,mustard
OI04xx25ml,vermicelli
CU09vf98ft,cocktail sticks
FR80mp50qc,crevettes
LF04ff57ie,siesta
ZL48ce90ut,bloody mary
AY06eq97zf,expresso
WP05iq30kw,cornmeal
HV38cg55jj,goose liver
YW76lo17ji,pomodoro
DZ65hj27tb,funghi
OA20zq08kd,flourless chocolate cake
DA48wo74qa,cerveza
VU47sh45eh,avocado sandwich
YJ44hy73st,dark beer
ZV30zu42lr,vino caliente
UQ65kw02eg,baked onion
ZM13ml11gr,wonton soup
XK66ai79sy,toasted sandwiches
LY33wx24dn,vermouths
RA39mj03ds,asparagus spears
EM71ee04sf,truffes
LZ32mt20id,bamboo
XI19wm65aw,salad dressing
SX10ne36vg,curry
RQ71qf28iq,stilton
DP08wp44ec,quiche
HL34ec50yf,flakes
FG51kc89an,cherry tomatoes
QM08tm59ek,paprika
EH54cy43tx,baked apple
SP71wx37ah,broth
DB05dd12vr,mackerel
ZJ11pg40lz,cannoli
RV91oi04jt,cheese soup
GA25hh92mm,filet
PV16pt50cw,seafood plate
JI15lc01gm,cola
QY35vc11dr,chili burger
PN52cg74lp,fois gras
EV29xw07hz,jumbo shrimp
FR54kp76lx,red mullet
QB70fs69mp,sorbets
YP66dp25er,pure milk
WN73wj29az,casseroles
GP26bw04um,fried noodles
UR45oz11zz,fried dumplings
MM71hl36re,toast
QL51fj01nx,chicken tacos
PA52lr37yu,de pescado
ZK58ns20ri,old
DW56jm56dg,vanilla cream
OW49fw67ta,bacon burger
AW14tp68sl,canned pineapple
SU56tw72cy,artichoke hearts
WN38yz53av,capuccino
YF98ei23nq,green olives
AI25em45gf,ham croquette
RI58fi94qa,spinach salad
YU05dh97ny,fried cheese
IM26ze62yj,swiss
KU21am19ya,shallots
MA84cc60sk,sirloin steaks
QG45fa83gp,madeleine
TH56km16bf,lemon cake
XW61le86ha,potato balls
MB27vc06cp,pickled anchovies
PP66xh46uu,chilli sauce
ZI96dg96gt,bread sticks
RY71pm50pk,breadsticks
OR77bb79sz,margherita pizza
CW24vv42we,raita
NF54ei24vm,creams
KX62ry96lv,pastes
MR27ez66oj,neapolitan pizza
HV51nm39ip,truffle omelette
GJ94mo13oy,french fried potatoes
GY12dz60bm,sweet breads
KD71qf38bi,provolone cheese
XJ14zc77rh,dried fruits
WD60ny81nk,prawn soup
JG12ib91oi,noodle soup
BU74hg57dr,shrimp tempura
FK13jg58pg,cappucino
IP55og33zf,papas
OZ91eh26xm,mixed seafood grill
GT44yy05ht,assorted cheese platter
ZO40sr11en,turkey
KV97vd71yl,ricotta
CN98xo98pm,blueberries
LH93dc03hq,blackberry
EW37eq72bc,fresh blackberries
OO15qf34ii,ice tea
PS72ig70do,spring rolls
QP64sa90bt,grenadine
BO92me19te,grapes
PQ50tb02ue,beet root
QC55be39sg,chilaquiles
CR96to71pd,steamed clams
VD51ar87eh,oyster sauce
UM73mg68rw,strawberry sorbet
ZM61rb43ud,fresh strawberries
OJ40ft99pu,meringues
NB21yp86zu,potato puree
OY34pv38gu,squash
NL04bl58tn,mixed fruit
AA82yn75bc,kisses
BE03qk63zp,venison
MU24kz40fp,lentils
HT36tk51co,fresh croissant
NH84cd66ez,green pepper
AR53nt27pi,chicken pakora
BV81pz31dp,flour tortillas
DR36ab74hn,mutton
VG92iw31px,roti
DT60gm78ka,lemon cream
FG79qk15nh,gingerbread
NM81wk82ei,curry rice
JU05oa87hw,sauté
OE48fy33in,horseradish
ZG56mw04yc,smoked fish
DF23ep62jp,carne
JJ59es59gq,cold beer
HB22aa09tm,coca
YO50kh78ui,jabugo ham
FW07sg02nb,olive
MO67pl21vp,cheddar cheese
UQ28dp91gc,mixed greens
DI81if79xu,meat sauce
YE03wv56fs,grilled fillet steak
TL59uq07uj,mine
DF44sp56gy,hazel nut
RD88jx17xw,corn bread
KL04ml55mb,fried noodle
QG23dm53dg,spanish ham
ME70nc62is,cooked meat
WE71rh38pa,cracker
CX60nl49nt,spaghetti carbonara
HT61pq32bz,bean sprouts
KL07ad52xo,shrimp rice
ED87pt25lv,potato croquettes
DN54js74bx,ales
MQ02cd12tf,crème fraiche
LB46jk05if,mousseline
AF81os49ts,pasteles
WG74ej36td,baked potato
PP24nq67bc,pudding
ZE89dn00sb,homemade bread
TG38dc68hq,gateaux
IA62zg82ik,rosé
ZL87uv15nz,olives stuffed
ZF62bw75pl,choice
CG23ka71lo,bacon sandwich
RP77oz71td,buffalo
KS90jp12cj,americano
OP16wn33hy,pappardelle
PF42zv69po,nut bread
CT82hq05nb,fig pie
PY10ut14yk,chocolate cream
YT05wt66nb,white
LE31rl81wa,cheeseburger
LT89rn64bb,smoked cheese
XX06xv35mb,mai tai
VF41om21nu,chile con carne
BM86al96dc,creme caramel
PC55rn30yn,sliced potatoes
YE78co73gx,caramel cream
XD98hp14sk,anchovy paste
RU81kg17vl,onion salad
TR76am38zj,milkshakes
DW61lh67rj,ice cream cones
QV15vb89ig,fresh fruit juice
EA78go56ay,herbal teas
IH78bv68nx,light
VY61jg47jk,tortilla espanola
DX52hv61ud,fresh mussels
PK10qh07yx,lima
RT57gw50bu,fresh vegetables
NK87gj48ok,apricot mousse
ZB27qg44ez,apricot ice cream
DS06rw25wd,shrimps scampi
SC96wd91nv,dolce
MQ23wd29rb,caffè
KZ82gk39jl,baked salmon
RI73ve24yp,fillet mignon
DH99cu39ct,pickled cucumbers
CA46ok66wp,cheese ravioli
IT33aa05zi,cold cuts
YK96rq49uh,seabass
NB93dj31lp,cold meat
QJ69mg15jt,half chicken
LZ58pp40lr,sides
RS70bv62nl,curried chicken
EF22vv61qi,cabbage
WV60wl34yc,croccante
SH15pt90rp,lemon meringue
FM34cg30qs,strawberries & cream
NF77bc07rc,hollandaise sauce
TA21by22xt,eggs florentine
SV81ix85wz,rice pudding
YR63ll26hv,oatmeal
HF90qx43ob,skim milk
WA98ur31kx,white rice
WN23hy22fn,roasted pork
LY60wm90ip,pork chop
EJ93jp08nm,loaf
DD57bo48bd,sauerkraut
RO28tp41ob,cabbage salad
MV19sx90bx,blue
ZN96oa41mj,quince jelly
SE96ry81gf,sauteed mushrooms
JB17yc54gg,porridge
DC59ji26fy,peanut butter
HK01vm69fg,latte macchiato
QS56he15va,croutons
IZ33xv10iq,melted butter
SE48lq86nl,cocktail sauce
JH99kj51vg,banana cake
LV00th05od,tomatoe
GK60so25ne,bean soup
ZD92yo72dd,mango cake
QS24rx65ue,savoury
PZ22vz37xs,cocoa
BZ53tx18su,tomato vinaigrette
TL92iy38in,beet salad
DL39xa82tf,fried shrimp
EL11em20ay,brocoli
VB54wk87gm,shells
IV04ex74nd,cod fish cakes
BU08vw36zx,chutneys
ZR82lp02dw,pies
AM61na25gu,baked brie
SA08zu73hh,gravy
VT79fj93it,peanuts
GT00wu78pf,egg dish
RE33gc13rl,sweet wine
RY64ng51hi,marshmallows
WU04lj33ov,muffin
RP83zm21on,filet steak
KD81xd17ee,papaya juice
VS28na24bh,spare ribs
UA83of79ph,braised beef
EP54nh97lz,cheese salad
CS72ci71ln,popcorn
OH78bv11yl,caffe
KR02li21wk,gorgonzola
EC05kj91rl,chocolate fritters
NC98ge31cm,french toast
CQ53es26ea,patate
OH60me37yl,lemon sauce
GQ15zr97xs,taco plate
VB81jw67bf,carafe
ZA99wv33uk,chipirones
EI97kh89fd,prawn cocktail
WE04qw04yv,pates
UW14za47lf,grilled shrimps
MQ57qp73sv,white wine sauce
IM79gz14xh,nougat
YG25bt34wg,chicken salad
AZ17ho61mz,fresh salmon
GR55vh05wo,parmentier
BZ19im07gx,meat ravioli
XW99uz31qx,tabbouleh
LU01kw97hs,sweet sauce
HH61cv26re,grilled toast
ZZ00ay08cg,codfish balls
MT36eb41sx,pear compote
IG92nk88xd,fresh shrimps
QI88id19xb,beef steak tartare
BZ00fj72lb,cordial
RW05ni32zo,vegetable grill
MD56dv01hw,plantains
RA10vn41qe,pink grapefruit
EX60hd62cv,cold drink
DG16lc45qe,orange jam
GI00ed51pt,bistec
FA31sh11bh,frittura mista
XY12qw20ng,champagne cocktail
YL87ij40qb,ginger ale
LB30ao91rq,jalapenos
JX41oe05py,rose wines
JN90rq22gi,agua
NE93rb45cd,garlic butter
OC41wn15yc,lobsters
PO69fx08jp,egg plant
FX95fe35xl,cubiertos
FK49cp39ag,pescado
WG13ua79zn,postre
HW87is31db,veal loin
QW04ft02kx,dim sum
MX42mv98uk,emmentaler
EQ39ls33pm,cacao
SE39gz92gz,crusty bread
OR02zp18ax,condiments
XI20fm74nl,huevos fritos
OA85wi28ev,crossaints
JQ39sm83ac,gebak
PV28zs21it,chardonnay
DR20os47rg,cider
FP10nk76gz,pretzels
SN55ga31mv,devilled crab
JS78cn27qq,asparagus tips
MG94jt41br,marshmallow
LC02hb03xf,almond
GO69hp48mu,jamón serrano
AF49qd37zo,cold sandwiches
QS65il55xw,vodka cocktails
UB14ag05zu,hanger steak
CY56kn79jv,home baked bread
YX13os40hp,fried sausages
QE71mh16rs,anchovy sauce
XX10pv83pm,lemon meringue tart
EB53iu40bh,garden salad
OJ07vx00vb,chocolate rolls
LM69je90sy,vale
UV84ie22qx,delicious ice cream
HS77vx55mg,pie
MB87wl93gy,celery
AG06il71eo,smoked ribs
FK45lg51ed,chicken fried rice
OS45gk61ap,quail eggs
GX76ok39zz,mixed fried fish
MG44yi85wp,cocacola
IR41vm59el,chocolate brownie
SO92ts24lf,tinto
WK88ru28jx,tomato puree
FM03kx71ks,fried tomato
JG34be11kw,caprese
YM19uo71ty,saffron rice
AY97ox79lt,mocha
JA32hg11pg,sponge cake
ZJ89xu87uv,seasonal salad
ZD55ub33rp,grilled sole
OU56xr98lb,gołąbki
FS67ug63rh,bigos
OA44ff08an,pineapple sauce
GM74kt78hm,sweet potatoes
YZ76aj26yo,rye whiskey
FO03ke38qr,mescal
QX23ak64yz,grean peas
TP38of84ji,little sausages
FX37oa31eh,sautéed potatoes
UI85gv59ee,fruit juice
FR98ml09ny,orange fritters
TM10bc01cv,little cakes
WR70qh08wg,dry red wine
EA14zu29pa,fried clams
WC24sk83js,marmalade
IL68yz14xq,black pudding
QI43ll19pg,filet mignon
PV20ku30jz,terrine
IJ15wx15bt,grilled halibut
PM31sa74cj,coliflower
CV58uv58hw,tamarindo
LT70ld73ie,leche
UK10mf13pt,pickled mushrooms
AT74pp44cx,spinach omelette
BN12nw56br,meat stew
DR29ub66ga,fresh fruits
BU61jw52xj,ginger ice cream
RG24ec29gd,grilled salmon
EB26yd71of,mug
AV47fw63mw,spaghetti bolognese
GB53ph44gs,ice cold beers
JP89au36eu,pan fried potatoes
UI41gv78gn,crêpes
DU08zw91de,fresh pastry
WZ26nj94uz,roasted potatoes
RG21uq36md,sweet peppers
QL14sn40oj,beef stew
FP69cu36mj,punch
ZF92ul53ks,bacon salad
LI72dz38oc,gratin
AC48ty99nu,apple tart
KB63cw34il,sole
AE94mx30xd,schnitzel
JP38sz41wz,candy
IM75jq45ju,sodas
TE73lh75nd,mixed seafood plate
VI49sc72mw,lemon tarts
GI53tt09rk,delicious salad
UG77yl24wk,baked beans
XD47zo35dn,pearl onions
FQ33lq82ja,carrot soup
GS29xe44by,dry toast
TG63tr61ii,stuffed olives
OX40nl47qi,sauteed shrimp
SV34mv37kn,pound cake
XH56ep73en,watercress salad
QD28vj91mr,boneless
WR27wn54hv,homemade cake
TI92ix03lx,banoffee
RM19ci17jz,roast pork
QU69ns47ga,formaggi
XN12wg05xi,samosas
EH40yz63an,puffed wheat
DG62hw27mh,rotis
SQ17lk74qr,red velvet cake
LQ72yw88ix,stews
NI57if00ld,martinis
UQ31et72na,mixed vegetables
UE51qa82nb,selections
KZ57zd20mn,buttermilk
JC25fr14bz,insalata
NY03iz04zu,anchovy stuffed olives
WO54lw82oy,grilled potatoes
RN13np96jl,banana split
YC40ju49ex,smoked bacon
MU00re86vf,rump steak
WX17gs86og,curried vegetables
VD67la59rr,ham sandwich
ST89ts54pv,cereal
RX50oo96vo,icecream
KY13tm36rz,spiced cake
LF34ci10mr,pepper pot
PE87fk88ma,pop
NK61ls27us,dry white wine
VO75ba07pn,orange salad
LF82ok30iw,soft custard
MG65vu15tp,daily specials
IW80lc11jn,sours
LL11bf96cq,pasty
MV62kp51zc,macaroni
AI36cf73kx,gouda
CV58ki00jx,helado de vainilla
MN91cl53zm,tortilla con patatas
KL61ao00yt,scalloped potatoes
CA24ud62aa,limes
AC33pm73ku,paella marinera
JT15dn33af,spring onion
TC42ck27ha,roasted almonds
ZD33cy92lt,beetroot
MO73hl17kp,mint ice cream
YV34xl66cc,peach
NJ75qv64iv,salmon sandwich
OU77er78ld,pepsi
QC35vz48ef,pork steak
EV96cl53ku,half bottle
MU51yc17dd,stracciatella
VH24kb83ad,chicken piccata
FQ55yq27lj,emmental
JX11ey14lg,corn tortillas
DE72md35bd,shrimp salad
QE13hk22si,camembert
RN95qk81vg,tamale
TI00ex26ps,grilled mushrooms
CK19cd93qy,beef steak
OT36ez41lu,coleslaw
EP27yd82ko,spinach omelet
MY96pg25ri,chocolate mousse cake
XD45wi54hl,potatoes parmentier
HS60fv81ut,scallions
TN75lk91jl,beef tacos
FE54ma47tl,coca cola
IB80kw07zh,mixers
RT67ln34nj,fruits ice cream
GM70qs30gs,fondue
BC03fx41vj,blueberry pancakes
XP10uk85hf,chocolate tart
QL03zc18ta,anchoas
HY48ma08hy,solomillo
AE94sj77nw,blueberry
ZU13pd40op,bon bons
ZG69mq67jq,smoked salmon sandwich
PB69rd08yu,sweet corn
UW53mc24jl,roquefort
XA32ew40mk,melanzane alla parmigiana
GP26mm92tv,syrup
JS26xy95tw,stuffed peppers
BR58sl51ob,breakfast tea
FH91qf89la,avo
TE24ln24vr,mantequilla
KR46ss31qc,pecans
KO52ao41va,sauté potatoes
LD70mp00is,chicken enchilada
AE40be46zi,enchilada
UD74ie55yk,salsa verde
BA04cm16ei,ostras
KW73xf03jj,ribbon
IL54gr90gr,mussels marinara
KJ10il30xc,tartar steak
YY07xl61qy,hazelnuts
HS35ul30og,chicken teriyaki
FY72jf99fo,pickle
BZ63aw36yy,macaroons
FI37un69wa,white bread
DP53jk71ri,lemon pies
RZ59gv23yv,lettuce hearts
FV28ho21od,fruit tarts
QZ52dy85jp,50
LS51ca99ai,chicken stew
BQ27ed57eq,chili
FX54wr14bn,canned fruit
VW67dh70ab,grapefruit
VK71jt23av,eel
ZM75sq46he,fruit cocktail
MI64rg92qt,potpourri
BX68ay04eh,fritto misto
FH45yu75pv,parmigiana di melanzane
RO63of67dw,almond curd
ZC13vg65xy,smoked mackerel
OX75eq63cb,celery root
WX22ia30wr,peppermint
UE95kj58kg,cream dessert
DD20ti36cy,carrot juice
LU03ck59rs,pitta bread
XL98iz26xm,fish balls
VM24tj61kv,pesce
RT78wv98sr,prunes
RW55eb14mn,onion rings
IE88xb32pw,truffle mashed potatoes
CA16lx24jh,mush
XU12lm80ia,cranberry juice
CC88tj36ee,lime juice
EN18vg82nt,spanish omelette
TD01fi41ew,ceasar salad
CO75uf24ra,roqueford
HL49ei76mm,whole wheat bread
DX95ur28ag,fritas
TL67hf36ac,instant coffee
RH39fx33as,peanut sauce
RJ25wi87cf,vegetable juice
RK90ra97hu,sprig
SH14cl07qq,prosecco
TO77vr15ct,hot dogs
AJ71ku16ax,sparkling water
LK23sb13qs,parmesan potatoes
OW93rj51od,pickled cucumber
TB20ex55ff,seafood salad
DI47lu32pe,trout
IT61mt37jc,patates
DZ90ii76ym,potatoes stuffed
WP72af07lo,pescado blanco
XA92ho97do,black olive
UX26rs52uy,pickled onions
CM00vj86vz,ice cubes
RM81wl43vo,blanco
WK02tv53ux,roast potatoes
OQ05ku39cy,tartlets
HX78jl27qf,chili con carne
DO42hg83cx,italian
GB86vu54mf,mixed meats
TP98hm16nq,rissotto
IX80pk66mt,shortbread
PY64vt13fg,mustard dressing
XK77qm02gb,preserves
SV54oz44gv,vegetable curry
XD97ic46xg,lamb sandwich
BZ54dc61ce,cherry tomatos
KS78kc97bz,parmentier potatoes
NK15fz85ts,tostadas
SW53oi23iz,mustard sauce
DJ05nq71je,fresca
UF53jc56yc,lobster salad
QJ09sg69ak,bar snacks
PO48yp38eu,parmigiano
SV46nu22mn,lamb shish kebab
LJ83sy88to,house beef
VN22di57wd,plain rice
TW21lo71xk,jerusalem artichoke
LK02nv23pb,sherry
WS74rc09so,raspberry ice cream
PS86ql38sv,tostada
TG49om52xk,cafè
HF97qz97or,tenderloin steak
YH32ek44sx,assorted ice cream
MA18op09nj,nada
UK50bu32sk,asian chicken salad
LY71vf18vy,shrimp scampi
KT01tr62mu,scramble eggs
UF04mn38hr,meat balls
BI50yd75dh,chicken soup
RT69hk85cb,chocolate pancakes
QY07xu17da,linguine
AJ08ts86mb,shoe string potato
QC64zu20ci,rosemary potatoes
AD88xj42aj,lemonades
TW36ud32yp,crab meat
IG88su06wo,apple salad
GY22sa37nh,virgin mary
MS42ue03qu,walnut
XP96ug01no,sweet cheese
GX41xz59qw,chocolate drink
SB59lw66kj,caramel mousse
QW15zk71tp,crushed strawberries
DY57mz20tz,fish croquettes
BE26cc60zi,chick peas
AK09xj83um,chestnuts
SR13ca35zo,fish filet
MC44ne78ug,baked codfish
ZO55fn06yh,white wine
SH84xi30rr,mint sauce
UQ55tn48oj,macchiato
XK43gd65rg,assorted meats
IT88wr12yi,mince
SL94po34ss,tatties
UH44tq55uq,black beans
XQ85vk84am,fresh squeeze orange juice
US61hu71ko,crispy duck
RS46pu43qe,rioja
FP03au63jt,fresh cod
TG15jl61qu,grape
RC25um29wd,patatoes
TY16vc90uf,rye old fashioned
RR16sl51nk,sardinas
KD36px60ur,cafe
MC87uo04nf,banana pancake
TJ12et41yf,kumquat
OJ53gn48dj,crab croquettes
FN46ej76zd,80
KW71qo67br,grilled steak
CB58nm44gw,maccaroni
EY44qe62rd,thé
LR24ql60zo,sucking pig
AM81wd83kb,mayonaise
BQ88ya83sr,shoestring potatoes
WF56cw62hy,chutney
HW96rx15xf,refried beans
AU43hy36ca,sliced avocado
LC92xe30sm,ham & cheese
XE42tq98yw,pasta salad
TL09wk42vr,chicken club sandwich
RE04cn28vf,chocolate milk
WB19nk90pz,pineapple sorbet
FG95yw96ek,veal sandwich
TK97fs43xg,fresh lemonade
HC62eg61fn,mineral
NL68ly10uy,ristretto
ZD23gf74fh,dulces
VA26uc20li,catalan
UF20ic45ge,rose wine
DE17kq21bd,grilled sirloin steak
FY26ch01pc,pere
ZI20qh05ws,sticks
DR72ta83rh,smoked chicken
PI71cf02qu,spareribs
VH98yl24gx,carne asada
VD07eb14yj,banana bread
WB62rc47ff,tortilla francesa
LR34oc79xf,chevre
FY37er32yt,chicken pie
JQ00ht14vf,homemade chocolate truffles
ER45vc74bp,strawberry ice
TM26ms54my,napoleon
WV66ld91mk,boiled ham
ZR11vv49xy,gewurztraminer
QB92qj83gx,stuffed crabs
EA26ku30qe,hot chicken
WL35ot86mp,riz
VD17co53mj,honey ice cream
KS38pf24pe,mushroom pizza
BI95zy55ot,ham pizza
UV39kw52ut,imported beers
WY75hv99he,plums
JY16xr83zd,minestrone soup
SK96ub30xn,decaf coffee
KF61xa45nb,mortadella sandwich
TL25se77eo,petits gâteaux
LC53rq05mr,chocolate pudding
JX35tl55ny,mashed sweet potato
OA64fb52rk,fresh berries
KC23pf82mm,dorado
HS61rw73cg,asado de tira
JQ91zb72yt,morels
MU80uf64gg,hearts
PE66yg87et,jellies
YB64nl92aw,espressi
CV67fb59br,shakes
KS86fv86db,sopa
TZ62cz88lz,tempura shrimp
YD72aq12yb,lemon soda
RA70jm48lt,fruit paste
MU52iz30qi,hot dog
JY79xk22ml,bier
RL57bg21zx,escargot
VU81oo20oc,cheese pancakes
LI30iu23st,fritos
OW52tu83om,camembert cheese
PQ56ul72dx,chicken stuffed
TS16ft41od,smoked eel
WC82lf52io,house
PG12kt97xz,mozzarella sticks
MH96dg01fa,potato croquette
XK17ot50ou,compote
OC19jn76tb,banana pancakes
YT84gf66qb,crudites
ME43en39hl,pork sandwich
SP06nb69jy,jasmine rice
BB92nm42wi,manzana
LE08gi21ia,cafes
MZ20yi43rz,hot chocolate sauce
FS05dg57vv,salmon sandwiches
DN20lw57qg,sauteed mussels
VD57gc86bo,parmesan cream
VG34uh87uz,fresh meats
CE29wc71yo,sprinkles
RR41ah22qy,vegetable dish
DZ61he81pk,mixed pickled
DY19af56si,relish
SO05zg88cl,egg sandwich
GI10of62ls,chocolate pancake
VX07rt36ib,almond tart
NX72ng57zv,large prawns
SL96bf21xn,profiteroles
HZ18bn30uj,salsifis
DR14vo90iv,avacado
VF17qk90sh,shoestring fries
PE79gh31bx,potato pancakes
KG52bu39vz,pumpkin pie
NR61te86sm,egg noodles
XI77ex43rg,brown rice
GI55jo63lm,oyster
FD65um43vi,broths
GY16ed84yc,green onions
BN45cu65bj,pork sausages
UV27zb44pi,lentil soup
OG01hh82sx,clam chowder
PD16zp81da,hot homemade bread
MC89ib61vx,watercress
HR04rg96yx,pistachio cream
FK33sw33yl,de queso
UF87dx44qu,mint tea
BU69ff39yq,fresh lobster
RN74zx85rp,pommes de terre
FE67mg41ku,fish stew
PB43wy49kw,apricot marmalade
FV02bi07uj,currant
HA23vd51wu,fried green pepper
ZC09jz42dr,tartare sauce
TV39lh94rg,mango chutney
AW91ho18it,malt vinegar
OI55mv70qo,shish kebab
IQ26or79es,hollandaise
DI80bl42fb,marinated mushrooms
PT65ff63ni,key lime pie
OR43ra88bu,helado
JX40lt41gc,whitebait
ZT47ok24ar,biscuit
AN42jk22lr,marrow
UF70xo06zy,tomato toast
KO59ns48em,piquant sauce
TI27mv44oq,spinach quiche
IL78tj94fz,cheese sandwiches
HQ25zh76rh,delicious cheese cake
BP90so87ru,plum cake
KB12wi15qh,frappe
ZQ70fv67pz,sliced beef
VK83nt22va,italian pastries
YJ86ig64ba,tomato stew
VA47vy97kr,cioccolato
WB75ou07me,puffs
VP00tn45bt,jelly
RS67zm46pn,eggplants
HR42ge77rr,pineapples
HO70si97jt,peach ice cream
BJ50dg03iu,fried artichoke hearts
MN97gt88yy,sweetbreads
VN46wm22wl,tangerine sorbet
WP72mc52bh,seltzer
NQ40qe88jq,pannacotta
HO77gn96km,bourbon
ZX17ld95pd,lobster soup
UV74eh93mb,tripe
XP32sg08qy,gorgonzola cheese
JT60ep25mg,fresh rolls
MA12jz32vg,vodka martini
RK73io70wj,chops
YD91og19ap,vegetable juices
JX91ic31yg,chocolate waffles
UN88cc40fd,chicken fillet
AG22px00au,supreme
HR66um69xg,brazilian coffee
CZ46yw45lq,almond cookies
WH06bw88xz,spaghetti alle vongole
LI43xy10jp,cream spinach
JH37db43vw,fried bacon
XH45la81bg,potato straws
WV28cn06sk,walnut brownie
EF75yc72dc,t bone steak
RM92ou48vq,roast beef sandwiches
CD89mr01la,sliced peppers
IP73ro25sv,poached pear
YK55zm16nw,caesar
YC59gt51cu,different sandwiches
WG86ru92oy,bass
HE97ow54ou,chickens
AC20om28dw,coco
DF81wd33ix,les vins
VA11pn63nj,quail
KX16mu50zy,pomegranates
AI97qk77lf,marinated tofu
LO50gi51bz,rib steak
XN57zn58nf,chard
TQ89zm16kl,banana ice cream
FN48fg16iv,mullet
BU11aj10th,omlette
FW51zs40qq,french bread
NG02rv44ps,fried turbot
VB39cv98ug,lemon wedges
AP44fh87hn,steak fries
WL03df84pk,strawberry cheesecake
NF58oa77ym,cassis
SN29kb36rx,helado de chocolate
BV82xg64as,pepperoni pizza
GN36zx42ub,chanterelle mushrooms
IC12vc11aq,orange sorbet
WQ51me60ae,fizz
WD48wb26ih,soda water
RP53fr92ww,chapati
YP57ga38lz,asparagus salad
HY31nw45om,tagliatelle con porcini
VL36la14gk,ham sandwiches
MT70fu03fx,dry bread
GV91qc74xb,zuccini
VK08gl61gp,corned beef sandwich
XB42wd99ky,homemade french fries
VM84jn26cd,poached pears
HQ11jl35nl,porterhouse
IQ80mr98lo,poissons
XO34xh73wx,spécialité
QK76sh56cy,marinated mackerel
UW91qd31fp,pickled ginger
JM85wd39vy,mejillones
XM89dd28en,red wines
FR04wx81qc,vini
TQ14nz48wg,candied ginger
FY74bm48uz,fresh eggs
AX15hu18af,radish
CV27jj98xh,apple fritters
OP92yc63cs,egg dishes
VG57ak27wh,raspberry jam
BD52jw49vl,brocolli
CE45ed29be,foie gros
YF07pw34jd,fruit plates
IR01nt21uy,eggs fried
SH46wn81bq,clam strips
HL66vp79ka,langostinos
JX04tv89dz,whelks
NP03zg47zm,broiled scallops
NN82dp26sl,hot sandwiches
LF68ib09yf,lemon custard
IG61vh74gb,raw meat
AF87hh17za,spanish omlet
ZL74cd98fl,pepita
ZG11qc47ux,flake
DO81uy52hc,apple tarts
LW11ho80bm,courgette
XQ36ap26xp,entrecôte
VH63du62jm,ice cold beer
XD68ck83fm,chicken noodles
DP74gu58mw,potato fritters
ZN83jk99gc,poi
DE22vt34sv,fried fish balls
UQ01cb80yi,apple strudel
OT14he77cb,orange slices
IK72fk51bg,sacher cake
JQ34ym96ox,natural
EG66bd41rh,espresso coffee
YZ80bn43jq,vins
NB23wq53ft,gin & tonic
PS86nm78qa,strudel
PN24ha14ua,basic burger
JC71gr13gl,roast
DJ56al16di,minced beef
PG14pm38sz,gnocchi gorgonzola
AI88lc84ga,lechuga
CG76wn69oy,fried potato
DJ11iw58rm,omelets
DO57ve77rb,turnip greens
OE93pe84iv,salmon grille
YQ27uk08lz,lobster bisque
BE49ap43ha,mussel soup
RX93vl43cb,tomatos
VL17ux92hd,apple pancake
EE90xf32vx,grenache
MK20mv59pb,cabernet sauvignon
UU30dg84kg,pea soup
KQ45li99mi,conejo
KJ80uj71xa,mandarins
QY90vn47yv,aperol
MQ69xk61on,mayonnaise sauce
HK76md01km,earl grey tea
LH06yh06ym,fresh sardines
ZW54fk07ix,roquefort cheese
VS09ao84od,fried camembert
EB34pr74gy,boissons
CW97mt83ew,panzerotti
JU45cg71di,onion sauce
XQ42op45ts,grilled onions
PB51cd61rp,insalata russa
GK40fd79fm,club
VJ54xx85gr,vegetable tempura
LO00al22sp,liquors
DA33qg69jb,melanzane
RV31it07jv,steamed potatoes
YB75gr06ty,fruit pie
RK59ou07ny,mint chocolate chip ice cream
OD28it02tw,spanish
GI81hq16bn,chicken parmigiana
SE80cb18qk,toasts
DO14yk98qq,onion broth
BL51vn73tg,fried eggplants
MM22cn40kl,manhattan
MT26jk30zm,limonada
ZV64tv97ys,fruits de mer
CW89hu66ji,doughnut
OR65np20gm,chewing gum
UK28oe49wk,house red
WE81yd58ih,light beer
MD84ft40pt,dry martini
FX17uj92hy,praline
MO67hz80kp,courgettes
ZZ10kr79jf,mixed green salads
RU92ml35wl,froid
AS64qx97bl,buffalo wings
XL84oi74cf,shrimp soup
SV62iq04qf,cheese balls
MV41mu21vi,frankfurters
MA79pi90nb,sweet red peppers
LM17ry07pg,almond chicken
PL08cq36yb,tomato broth
HR25kz50pt,papaya
PZ68za15xh,pimienta
EZ36hl85er,pink gin
PT34nh29tx,grand marnier
WQ82vi39dt,corned beef
SZ31cx06ph,fried scallops
WT86ck50ky,cold dishes
DC28wq22jf,crab cakes
NF34tv32vd,miel
TM21da46md,parma ham
DV37ya81gm,chicken roll
YH11vf23zv,clam soup
DS64yu22zb,pecan
OC84ce51em,watermelon gazpacho
OP68wh64vm,truffel sauce
OK90oi00ur,cofee
KX07ad02qu,brown bread
RY21fy58rz,petits fours
DO73uy85wc,cigarettes
CQ75ug54yr,cucumber salad
GM64bd25cm,red cabbage
MV94ns41lx,panettone
XO91am86ms,corn cake
YH06vb73zr,fig tart
QQ36rk15td,cinnamon buns
QG03yi81en,crumpets
KE17kt24se,egg benedict
NP59rv78bz,potato cake
CS66gf47sj,sliced tomatoes
PR27ei47st,lambchops
HJ66vy71zj,onion omelette
QY27vi96me,potatoes chips
JF56qj48tx,white potatoes
GM53rk22pl,baked potatoe
KI36qr82gi,guacamole salad
JR17rl38hp,paella valenciana
WM32ou44dn,cheese burger
PM65ce17sl,sorbetes
RR38ag64pn,jambon
CC32ci07fl,rhubarb
YK14xj18da,pommes
OY34db68ft,bacon sauce
FF49ss98iy,scone
QV22um85av,braised tofu
VD35oa79nr,huevo frito
CU13qe07vz,frankfurter
YQ72ta66ns,curry dressing
LR99yl28wn,stuffed crab
WN36mv52jy,chicken liver pate
NU68je97od,antipasta plate
JY97gg07gh,mandarin orange
AI38vf88bn,brown sauce
DI39or03qd,artichoke salad
MT75wg00sk,fruit bread
UK18cz51qu,fresh fruit tarts
AY49if92cp,italian ice cream
XP29kt29gd,japanese
XQ19su12dv,mushroom omelette
DD66tf48fk,egg rolls
RX45ke88km,hominy
DX96pd89gk,celery cream
LB08dj41ug,crab cake
VZ78zo83jk,dumpling
UH26kt56ga,raisin
FF36lm41gq,fresh garlic
JF18jc55ug,roast beef platter
EC70et83fl,wild strawberries
QU99ug21ok,goose
BC61ao17pf,stuffed zucchini
AD15jz36ew,sea food soup
YE99op46xj,crisp bread
ZS45bu72iz,baked cauliflower
II52ww64sh,warm goat cheese salad
UM43ib98ak,formaggio
MG44td30fm,chicken dinner
YR51am92yh,plain
SH14ku97ej,thon
PY84nh79yq,huitres
AN74ct69om,moules
WH56ve59ir,baked tomatoes
JX84ps01mv,frutta
CN13mu08dl,almond sauce
KE83ot24ir,vegetable plate
LE52mw58vs,whisky
WR62th85dg,crème fraîche
DD33om11rx,chicken omelette
HY22yn66il,roll
YE21ij04nk,fresh baked bread
XB86vu93ey,fresh pineapple
WB85ol41uf,kir
YE99zi07wv,cream soda
PS41nl87oj,caldo gallego
HA27of83qb,tomato sandwich
SI92jz78cq,cranberries
WM06ab85ys,coffee latte
ZC40ae48of,walnut ice cream
AO72lc95va,peach salad
PA18np42zy,raspberry jelly
TB08gc02cq,melange
MY65tk92dv,asparagus sauce
BY94xd87uv,wholemeal bread
UW22yp70vb,fresh sprouts
FZ24au19cm,honeydew
SH12ux82ln,stuffed quail
VY92vp43tp,apricot sorbet
XD29tc85qp,fried onions
BV27wh97jt,cheese fritters
WB29lf38dj,stouts
FS28kp72zt,fried sausage
CA24vx92aw,fruit tartlets
XB76go80cv,melted cheese sandwich
WD65vh50tl,beef salad
KF68fp25xx,sticky rice
UO23hk71td,paradise
FL79gl72tf,chocolade
LX02vu20jp,walnut salad
MY84mz05oh,lamb cutlets
KU54sk78zo,sweet pepper
TI34zh48yd,fried zucchini
YN69et26xa,spanish rice
IL12xk52jf,pineapple salad
MV27tc84ak,milk cream
YM50nc60bm,infusions
JF01dd40zf,tropical
AS47zw27it,port wine
SA41bp55li,salumeria
EN35fl48nd,au gratin potato
EG01wv58df,fried smelt
XJ83bm71la,vegetable omelette
ZS01rw81iw,lightly fried calamari
DP04bj08ud,limonade
WT25rl70nc,butter sauce
MN93zy37ca,pollo frito
OF50pb70is,velveeta cheese
XE63rq00dy,strawberry juice
PM40tm96vq,chili peppers
FZ62fo42ly,black tea
IB76eu45vj,hot cocoa
TO72hu66ox,boiled vegetables
AH91qn11ju,pickled pearl onions
WG27dx52ak,puddings
BS40mh65td,papas fritas
NK61up36ni,rice krispies
LX76hi85lw,butternut squash
XF30mb32km,pimento
OB77on71nm,cream cake
OC26bt37up,pralines
TC37ln04qt,chocolate pralines
FT88cc64cy,bavarian potatoes
KO00kj54ra,brazilian
WS54so70uj,toasted sandwich
TP80tv96ru,chicken menu
CV38ec50vo,cassola
TW79cy80ah,mayonnaise salad
CV29zc53lz,vegetable toast
HI54ag36tq,candied fruit
XE54dl38ny,egg souffle
AS43js81of,warm apple pie
AV18mo59ss,parfait
XE42ga71vc,okra
FU21cs53en,stuffed potatoes
XG36ml14ga,beets
LK81cj57he,cold meats
RH24ip18ub,chocolate bon bons
UI47rz06mb,pear juice
GA59wu13ts,raw ham
JP41wk08lr,caprice
IE71vl14fj,les desserts
ZG42km23yr,lychee
OD59bc79zt,prune
RL17bo38md,fried mackerel
JK36th36cu,squab
KV22aj18yp,bordeaux
XT60ur48ms,sabayon
JR87no81rt,mixed drinks
"NA39zi78bv",vegetable salad plate
QQ02mt78yi,other nuts
IA12ar69yj,boiled eggs
ZZ18uq18ow,cointreau
BN89ww68hr,buckwheat crepe
ZC50ii20am,chocolate fudge cake
JM95jb48ju,apple cider
XO65rs85tg,guava
AW07py53uz,seafood ceviche
VW67mr67gh,vegetable stew
VA23nj68yd,paté
CV59zv77sz,lobster fried rice
FA40wc12np,stout
OT44zu66kl,lamb kabobs
WB34ir74he,potatoe chips
FK90ii13iu,spicy chili sauce
KP99jq33pq,jerez
YZ18tj09mb,milk custard
DH58zx66yz,special rice
VZ85rt43mi,dry fruit
RC87jq16gm,saccharin
DI12qz36ab,sparkling rose
GG90ju03wk,fresh ham
UE29lk82kh,gelati
PR57en25cz,italian cheese
XR55or72ez,coca cola light
HA05im37ze,fresh sea bass
BE43ee63cn,soufflé
WB07nu26pg,tamales
HX05rq85au,dolmas
OU63lq45kb,tunafish salad
YR67km66qw,half portion
KZ83kc69ke,bacon pancakes
YN65vh76ny,baked pumpkin
DQ27tg58ka,roast duckling
VD25mx62vt,sweet onions
PZ70et23mk,potatoe
FK94nz08ya,cherry
CH74cp87up,mixture
NI53wi56la,jacket potatoes
PZ46qr21wt,cream sandwich
PD97yt18nb,cooked ham
SR08wk44qb,cheese tart
IL83rm07km,potato soup
HV43ig82as,plum
PU11lg40ie,vanilla custard
HD78db51ba,rum cocktail
XA16kh62no,macadamia nuts
OZ62wg02ow,blends
GZ57of92rl,dulce
AG52ot90pk,cranberry jam
GY06id09zu,consommé
ZT59xy11nb,sopas
HK34sm69tm,fresh pies
FT28fd72nf,pecan pie
TM13pg05zy,strawberry cheese cake
RT18wx96ta,fruit juices
UP15kq11wb,marinated fish
KR81nr42ad,chocolate souffle
WL74jb44sd,eggplant parmigiana
DQ68xm39fx,oranges
MY92oz20vi,honey mousse
GU94zl56ll,frozen strawberry margarita
TR82ad98tq,iced teas
OP16mp94re,feuilles
WM96vp08aw,tomates
ZB45kf32ef,tarta
OE43zp91hw,apple sauce
HV50mj92un,slaw
FP54dz13jn,buckwheat
KH38ic91lh,turnip
MT72kq18qk,patisserie
ZE39od29my,smoke salmon
DP27oc53de,beef soup
DF34yf48zl,cashew chicken
IG29gg00gp,apio
SS59it14ma,piña
UH43ma75ip,tapioca pudding
EM37dj00go,caramel flan
OQ68po60hg,pork loins
MD01pd07ki,smoked meats
WZ56cf41dm,refreshing juices
WW84ci48zp,fried egg sandwich
JQ81mj81kf,pimento sandwich
"NA99gf37cn",mint lemonade
TV25tw23va,coffee liqueur
BX13hc87lb,salad plate
JS67mn33gf,chicken patty
SR08ru60ha,mashed sweet potatoes
HH87fu83ls,diet coke
MB18vq26bb,pistachio nuts
MP60qv79la,tartar sauce
GZ35zd38zc,raspberry juice
EO04jh66at,chef salad
KD62ao32tm,fanta lemon
JZ18wh92qn,orange ice cream
UJ83nw87zr,fancy
YS02yo45hl,soufflé potatoes
MV45ez01ib,sago
RJ15zu96kb,pepper steak
MP89xd45lz,fresh fruit salad
SJ22kv09fr,bonbons
PN88wl52os,fresh mushrooms
PX36ma51zv,fine herbs
WV52zl32qd,smoked tuna salad
EI97hm86vf,pear tarts
YY24on26ma,cold tomato soup
QU97dz52xq,bleu cheese
OB88ml11kx,fresh coffee
HM98ek61nn,roast lamb
LY08ye64ey,lemon meringue pie
QA41jb04le,puffed rice
AH00hi38in,peaches
HV76wn79ol,ale
SR81bc83tv,squirt
JE23wt77vn,smoked trout
FS37gm35pq,veal milanese
GF09ok90zm,membrillo
PD76cf35oe,homemade potato chips
BA94th14jg,banana fritters
VU08vl28um,cornichons
AP00qa95hv,canned beer
HP82gv36ob,chicken enchiladas
FY91sr78kt,tips
CD65ka99da,green tea ice cream
DH52of32ru,ice cream cone
PF21if25iq,fresh apple
LL61zl31jq,absinthe
JZ33bd90ha,truffled potatoes
AW94tz20oq,almond cakes
CE37zo67ab,entrecotte
LS03fj89ai,viennese schnitzel
ED67bz12uf,turnips
FE19cc66xn,gervais cheese
WT74oo83qo,frozen daiquiri
OW07xz45pw,chocolate ice
DJ35ta23vj,cheeseburgers
IA66ox46dg,hazel nuts
KS48ez67ee,fondant potatoes
GQ09fx39mi,gelatine
EU03nq78yk,pears
MB18nv41sj,white bean salad
UW91lb21ud,crema di patate
PP44ai93zg,spinaci
KB81pp04cu,chip
QN59kb65mg,chocolate sponge cake
UO33br32aq,salad tomato
LV83bi40hn,fresh whipped cream
RB13ow49ej,stuffed tomato
DV98eo28uw,stein
KN80as20gj,fruit coctail
IQ67lv36ik,tee
PF71rm87la,pimentos
QJ54wk81vj,stuffed artichoke
LK34ed74yn,dal
FG38mg83jy,30
EL23ws95rk,nut cake
PK88bq97cv,ensalada de lechuga
XH74wx31bu,taleggio
FO44zf05sd,pea
JY12fz75al,madeleines
QL66lp27tu,nougat ice cream
HA18ap62tt,decaf
OI15am10qa,grilled mackerel
MV94xm62mr,edam cheese
FC01ae18py,heart
UE10oa97fc,fresas
UA23dn14ea,double chocolate cake
WV21kj83uw,fruit parfait
XJ18gn15mh,purée
HX41lp60ap,consumme
IY18lu33bh,hungarian
PP98re75vi,lemon pancakes
TK52jw90mp,asparagus omelette
JL80wc96ye,lobster salads
IS02du58gu,veal rice
GW48mq16yb,bisque
YM74ar20mx,vinaigrette sauce
AY51re94ct,half pint
LV51oc57js,lettuce leaves
NM18uz36hd,dinners
DB27cs63ae,veal tenderloin
QJ36hf08le,assorted sausages
AB27ct38yh,green salads
VT79ma28rc,mille foglie
BS94fo02jd,cèpes
AP96jc67ia,poulet
FQ66we26wh,russian salad
ON45ze55sr,crepes suzette
GJ74ae86fm,bean taco
HE24cz46tk,lemon ice cream
QA64wq89tl,ensalada de tomate
DN54nd16gq,cheese biscuit
MN01eg52lt,salmon teriyaki
RZ97to18ut,jumbo shrimps
YY06di97br,champaigne
RT02lb74oj,green apple
YF42qx15cq,salted codfish
RC56uw71cn,leek soup
MT47tj61tx,vegetable platter
AE58sq79jw,lobster croquette
CU18rm95rb,sugar donut
JQ79vx26vv,sautéed mushrooms
TG91jj64wm,peras
JI26db71bl,amaretto
SO69rc40gi,stuffed veal
DH39qm32fe,spinachs
KN43ve63jw,red rice
PI85et76xz,water melon
JY66qh18lr,suggestions
OP95ir44az,sliced ham
GK31ts39fy,mexican coffee
QJ93wg54re,baked zucchini
ME38ud97du,flounder
MY49dd21fm,salmon steak
AJ36ew42ya,fried corn
GP61ho03ea,sausage rice
BQ60rn25fy,grolsch
BH55gl40qr,balsamic vinegar dressing
IL73pr30vv,espagnole
LZ22wv29kk,homemade cookies
PI40su69nx,fruit jam
WI79xq48xh,apple juice
RX82nj25il,liqueurs
VC61pw10hj,apricot compote
HN78eo70qy,lumpia
JV77ti13xk,cherry tart
WR76bt79fk,cold sausage
NU44cq40xr,green
BG43qb67ke,fried shrimps
FV76ew08jq,chipolatas
VV33ql41wg,bouillabaisse
HA42ck59xa,sour milk
QT49ns97ek,brown
NJ01by89fp,rum punch
IJ61ru37kz,shrimp omelette
JO71bs94ep,banana pudding
QK42pq08dd,blue fish
PS97nm64si,sweet bread
XY43vn67pg,rum cake
KQ72zv84nk,queens
EC73av69ng,potatoes fried
OV76js43xm,healthy salad
TO62gt32nf,fried camembert cheese
ZZ48gt06te,kidney beans
IE73cu87oc,herb salad
JO63rc45iq,coffee ice cream
VS56pz28qt,mixed vegetable
XS71sj81xv,gruyere cheese
GI72zn76gc,fresh cherries
TF46br62tg,marmelade
HX30pl02ev,cheese dressing
ED90kt60gx,shrimp bisque
TO58jm94py,tomatoes stuffed
OS35gq03rd,fresh cucumber salad
QT12ls27zc,vodkas
HZ66vu87iv,rock
ZA69fb59cq,potatoes dauphinoise
TJ17ja66tq,strawberry cake
JA06rz65bu,cornstarch
TE56rb38jk,stuffed cabbage
CS24ya73sf,cold milk
LA91jx52go,fresh olives
XU17ll18wh,canned mushrooms
LD04aw06bb,sea urchins
VS40xl40ax,baked turbot
KE62tf07zf,veal cutlet
AI53vq25te,kaffe
EO47ek41zi,pure maple syrup
PH68yf96ro,kidney
YS21ge01mz,merlot
HS57ym80qf,fresh figs
PK25mf20gb,chocolate chip cookie
EA22su09xl,smoked herring
EP52ol16im,scotch
FB61fe71jq,hot tea
XW18lg41fo,egg plant chips
VP06hc54qs,salsa roja
SU11ds39cn,fried smelts
WS03ld47lv,beetroot salad
IM51es06ap,mozzarella cheese sandwich
UK75mx83pp,mushroom patty
PH99ou82sf,speck
DH14ts74wa,stuffed pepper
FF38ff19gv,grilled tomato
NX49tj36bv,potato skins
PG59ny70yp,custard cream
JO20ju62bp,rabbit stew
ER82wo05yl,glace
AA36ps02dk,lamp chops
RF86ff20rm,boiled chicken
JE04cj08ng,liquer
SP49qi86lu,cutlet
BK62fv32ek,chicken croquette
CK34zf89gy,homemade brownies
LQ37sd43gc,frutti di bosco
CI28ah92sm,baked tomato
AI59dn00rj,remolachas
UT84cm23jh,frutas
VB12eh84ps,persimmons
DQ45bh60rt,hot pea soup
KE32sf33jh,beef steaks
DD98qu99if,herring
QN91rm39xc,chateaubriand
MW69wu95av,burgundy
ET58mf49pu,creme cafe
FE93yx24yn,fried dumpling
DX31dj48hw,cafe ice cream
RL48go79fe,fried pepper
SS89fo90ts,italian antipasto
QX50jo80ws,wild
FL39ec13gr,anchovie
AE52tf02wz,fried mullets
ST31lk76do,fried green peppers
LJ95wd58ha,cottage pie
MA33bt90tj,rose tea
WQ89be67tc,bitter orange
EO57gi99rg,artichauts
WF92ev49en,sweet mixed
IU87bq47vf,cherry sauce
GB23qk48qq,bullabesa
KF64tv98ya,salade russe
QQ45xr77hx,sweet red pepper
KD64ss22zu,nut
EL41ru53oo,stuffed chicken
KB69xh15zp,india
AW42jf03ek,passion fruit ice cream
HZ81oz24gl,chicken rice
RW60pz30ov,fresh mint tea
LY06ze23is,gin martini
TH41rq86hi,tomatoes salad
RX33fw06ya,confections
TR85rn30ed,loquats
TC13du62yv,soft boiled eggs
BJ04da52ng,venison steak
NY65xh23mv,sorbetto
YQ87dq87cu,hash brown
IN69bm98nq,poisson
RW91if50fs,delicious hot chocolate
OC88gp54zu,partridge
SV17qc92ha,eggs poached
KF80kv79qn,tea selection
GA24zf78oe,iceberg lettuce
NP87xs10sf,green asparagus
PX89aj39du,sauce tomate
LG40qv07ba,egg sandwiches
NB84il10wt,flauta
RT30uy18ti,salami sandwich
FE86ex87ys,kohlrabi
WH08hw08sx,cepes
ZS15ns61vm,strawberry cream
YT57rq35yv,lobster cocktail
IJ31bb65up,soft boiled egg
AX08jj18rv,gin cocktail
NI24ag78ew,popover
VU95sq66ou,hors d'oeuvres
UN15gt76ty,perfetto
CX56xm23rh,hazelnut cake
DV36wt19gw,osso bucco
OO57fw06dx,crab meat sandwich
TK47ql29ti,avacado salad
VW49wh26ms,green peas
UK47ry54oh,anchovy toast
ES04dv46te,whitefish
CB50ac60ke,huevos con jamon
AQ55pn78wz,cheese fondu
SE60gy55hq,tomato marmalade
UU98xf70lx,hot rolls
QY51fe93yg,blackberry jam
DB63tj76pv,fish grill
YW08vy87nr,la
JK51ug97fx,gin cocktails
ZC07bl60cb,piccolo
SO91bh43py,fondues
WT30ig78pc,ice coffee
QE67wr61yw,old fashioned
ML66xl57js,wodka martini
EV05zx23pe,orange blossom
HQ61eb73la,honey cake
MO16gx27xv,pilsner
PC68me26hr,tuna sandwich
ME24xh32rf,homemade pie
LR27ah26xw,glass
OG68cu39uv,apple tarte
HA64yz95uv,alcachofas
HS45ue89jw,tenderloin slices
BZ23at28rk,pranzi
UX52wt96dp,entrecôte steak
NI43qk20rg,crabmeat salad
MC80gb52qc,polish sausage
FJ25mf87sm,rosés
KR48ts84vb,lardons
DM97qn85vl,laitue
DO09uw14xv,radis
AU64yf01hb,oignons
VF60qn98in,menthe
OP33bx46sm,celery salad
DS22na61uf,smoked oysters
WY08ae65dt,fine
TA07kk00lr,tripe stew
UI39fq45cv,cheese omelette
KA83ej87mj,bacon bits
II57gw76wy,salade
LV93zr82mm,potatoe soup
RJ22ey30di,thin fried potatoes
UJ76ec49bl,vichyssoise
YU52js53zy,christmas pudding
HG68ji39ac,homemade sausage
EX56zp37gh,raspberry marmalade
OX74mb19gy,frozen lemonade
ZO42ld48ki,cup cakes
IR81ix02na,celery puree
WZ60wy03in,cote de boeuf
KT47ki21up,jams
IL43rm01xd,merengues
GS12oa93gm,chocolate torte
KR28bn61ta,glaces
YB39fj88mr,gelée
QT84ny37cv,yaourt
RW75xs08bi,steak diane
UW28qy37ef,canned soda
ZO39op85et,turtles
UP95ft82zw,turkeys
BM04vu21ff,sherries
DO55va02gt,tomato ketchup
BT65ju36yt,parfaits
AC36us32dn,delicatessen
XZ02ku72pf,cauliflower soup
IQ33pn22ba,chicken fried
QP90un03bw,bowl
WU44sh77bd,broad beans
HB43fa21ox,lamb stew
LL57qd61js,jack daniels
QT14hm45ok,salad buffet
PM71ld38oi,mango pie
FL72eg63tq,roasted beef
TG33mt67hg,90
SU51vt19zh,vienna sausage
KI38jm32yd,ginger chicken
CM75tw85hc,napoli
TN06lq36hw,olives noires
YA40sl04gn,haricots verts
XP71bp12zg,noix
VL92te71al,brussel sprouts
IK18gk38qq,plato
HD13ib57co,steamed cauliflower
HH48pi99dm,fresh blueberries
IA46ry87ut,haricots
TL74il58vg,tuna fish
PC42dj32jm,veal cordon bleu
AE29gy69qq,eggs scrambled
AY97cg24jn,pineapple chunks
MU34wc54eq,chocolate  ice cream
OC85qr86po,chi
AL72mq20du,gouda cheese
FU39de82pu,beef tongue
NO97uf88su,assorted cheeses
YB18ol70rq,almond pastry
AO11bg73zv,asparagus soup
CG80jw36hd,apple cake
DD09jt81pi,ensaladas
OB75ja63ga,sea food platter
QT52nk09rg,spicy squid
JS74qk60nh,fragola
BP73wm73je,beef broth
GE28ly65zz,pois
HP27gv48ca,oliven
KQ79dx77fv,sorrel
YN80qm25de,torta
GT13ih94zf,pork sandwiches
ND16st68pw,costillas de cordero
GD19er34ur,house salad
CQ41jq89vq,koffie
TL45cn99kt,wilted spinach salad
DV93sa23io,regular
ZA70kg13re,swiss cheese
NU41za24xz,crab soup
NG21iy00ae,grilled chicken sandwich
MH20fj45xx,orange ice
ZS25zv02iu,plaza
TA15zp84hb,passion fruit juice
KL57yf67ri,sausage sandwich
DG08qf37tb,vanilla icecream
DK10tl12xs,pickled olives
FN83vq78sx,chèvre
XN51wt68xn,fried onion
LH75gh37pa,nutmeg
FB28fo99ss,fresh salsa
UY96wa04rj,creamed potatoes
XH34dc47ec,currant sauce
GI73qg57hv,pineapple ice cream
IP55gt73oh,black
QC68zy17dt,ossobuco
MB38vy84sp,chantilly
RY86sz36sr,sublimes
YX38pv73ps,verbena
MJ95fz32tj,iced cappuccino
KY49im19sg,half lobster
RK51ot11df,fruit punch
MT26pq82nb,delicious chicken salad
TM70qs51td,seafood chowder
KK56ab11jx,whisky sour
RR70qc42tb,petite fours
BL73sq23qr,toasted cheese
NE25we02bf,cream puffs
HF76yb64qk,pearl
DW12vm28tq,oysters raw
IB52vj14xd,almond slice
QT85if87fm,seafood casserole
NN02hf54mz,oeuf poche
TX36fj60cz,chocolate raspberry cake
VN37yr91ra,bitters
UF01ac51pe,bake
JK43pu00hl,chocolate icecream
CA98nz67ed,chocolate mint
KE03rd97jc,potato puffs
WP12um39qr,crispy calamari
LN38cb90ak,confectionery
BT41uz59vo,creamy pesto
RD53rt58qj,potato souffle
PQ52ms66lt,pear jam
IR30ij81nu,perfectos
OH93qw12zb,tarts
XB35fw93ip,tartare sandwich
XV02rd90ai,framboise
IK04np97cm,lemon drink
NO46bh61nj,heavy cream
BI25yt02nv,clear soup
GC82zs48el,corn salad
ZI42wd71ss,cream cheese sandwich
YV56im79hm,roast potato
KU08hr68mz,lemon cream pie
GU44wk99tc,fruit compote
CF31vb77pj,stuffed tomatoes
ZB00wm54gy,walnut tart
OR11kn27gg,mint soup
HM12wv17yd,ginger bread
WM78zd91hp,tequila sunrise
DI75ow62zm,mango tart
TB76op95nu,tisane
YR95nx03qg,sesame chicken
KD32dt26ul,cheese soufflé
YG86dm04nc,crème catalan
TA31ha71ji,fried sweet potato
GZ87rb79wv,cold seafood platter
SQ11pr29cy,breakfast
GC27xs82yv,crystallized ginger
HO89eq82xa,fresh spinach
UH91lq86wx,sazerac
IY41im24wz,whiskey cocktail
MZ38pc30zs,cassoulet
VZ79ti87gm,caramel ice cream
CI42yk51ye,tea cup
YQ51yr94oh,southern fried chicken
ZZ56zv82ft,coconut cake
SK89ti86he,orange cake
RG12zh11bu,veal chop
IV35da76wp,radler
RU73os50xj,buffalo chicken wings
IQ07ye94ws,salata
PF95jf17zf,boiled rice
GW28rb50ld,vodka cocktail
UA15us67us,vitello tomnato
TX55kb66nm,steak tacos
XD98xa30jn,shredded potatoes
ZX22sj90ij,salade fraiche
GX07fa61cu,italy
VL40wv16rv,sweet soda
BW86cz05dn,osso buco
IG37vh54rl,escarole
VZ75fz77mk,fruits cocktail
FC87sa73wu,beef taco
QW07rk50rm,roasted suckling pig
EN70wb37dz,zumo de naranja
JV35ru34nk,filet steaks
MG47ue77ay,pecorino
HV97gv30ch,chocolate pie
AK53mj98vk,sweet rolls
PN73wy26xh,diced potatoes
RN12fw96jl,apple ice cream
OV60dw61iy,eggplant salad
IA44lv50id,foie gras frais
VU47lu06pb,fresh zucchini
WB79nq89yp,all cream
AP02zo42ej,mole poblano
WL90bw20zm,almond ice cream
AK99ew17ve,caffe latte
JM38fu49jk,anchovis
DM64yv38bd,apricot sauce
GM97xr83qo,cafe moka
XN17eb64xy,creamed mushroom sauce
SB55di17ue,rice soup
RU98jg39ua,tomato salat
AA14at47fb,rums
PU86ra66em,asada
TG69ms29xp,veal scallopini
UL30bs88ph,fettucine alfredo
EP60kt33da,pickled sea bass
VU39mb46wt,nasi goreng
CB78uw66bx,roasted beets
YC36ma57uo,hash browns
FL04gd26bx,stewed leeks
UW77gg51ki,spagetti bolognese
QK80xd80bd,savoureuse
DW53jg01os,mangoes
WI21qr29kn,turkey sandwich
NM39rb93bm,grilled fresh fish
UX01rl95sd,whiskeys
PV02bj67zs,superior
UH81tr05bo,sambucca
NH00wd75ga,lamb steak
WS75zv40fs,baba
JZ38ct77vj,cheesesticks
SG04de46iq,freshly brewed coffee
QI49ra16bl,chocolate milkshake
UI40he32hl,beef croquettes
GB85xj40ch,york
OA94bl28ie,one scrambled egg
HH99qx80ea,chow mein
VD95qf41ga,steamed shrimps
GL91vt57jz,cocoa cream
YI86vp21fw,fanta
UD34oj71cm,grilled tenderloin
MN55bg43ky,bread sauce
XJ00qa87hm,profiteroles chocolate
ML27qb38rl,dessert wines
SB19aq38ib,smorgasbord
SR13wz46pj,liverwurst
RM98os13je,anchovies sandwich
HJ69do97kx,fruit cup
CG68pa99vb,cheese cakes
BM42vw26vn,anchovy fillets
IF80so68xg,boiled sweets
TG88ii55fm,fresh green beans
KS13zu48jp,anguila ahumada
CD04lw69pg,quince jam
ZZ14ql64ko,muscat
TA35rq32jg,fudge
ZT41vs46rv,chop
XF95ut77xg,special salad
HP73mu69xc,beetroots
IT76lv10df,stilton cheese
BX70dk97xz,cereals
UW41ru56vn,peach juice
YI15ti89xy,wild rice
ED14iv28qg,crab croquette
CM04uv36ab,yakitori
VW09na50bh,seafood restaurant
BT03sd66vp,banana milkshake
ZI83fj64ib,spaghetti ai frutti di mare
SP11wn74xg,ham sandwhich
BL72cs13mg,salted mackerel
QU98zd76dr,chocolate squares
OW49lu43mj,peanut brittle
AL49cm60fy,peroni
MU72dd03pb,shrimp appetizer
HP48an59cw,knife
EU20kb59so,lechuga y tomate
PH01oa33mj,fresh asparagus
UP56gk88vp,oriental
YE39lw38zw,fresh lobster bisque
AJ65co94km,cuchillo
UO68vu38us,angostura
EC94lz52sa,club soda
WD75ps24av,hella
QL86zi73bx,tenderloin steaks
YP59vs70hb,potato cream soup
BN72dp62jo,digestifs
RM44wz21rb,crayfish sauce
QM46bf12nu,cordials
WG55zq53mj,delicious hamburger
KU11yj27tp,corn starch
WO14bb23th,tasty pastry
IP37fq84ho,chicken broth soup
IE04ym76ey,sauteed onions
"NA55de97ju",canneloni
DE70zs79gb,insalata caprese
IJ13xm48em,italian dishes
WJ52ub01lt,fresh cream
YM06ih82kz,raw oysters
WI83yv28pd,breaded veal
IE32on95rv,seafood combination
QE98we94zm,guinea fowl
OF54hg18zz,cream caramel
CI99ut19uo,pints
PR60ef84wm,straw potatoes
FK48hp46fo,emmental cheese
DF85lg88ay,minced pork
TM71xz79xc,sherry sauce
GU25os49fh,fresh apples
LE75iq27lq,snow peas
EZ74ds85ed,ginger cream
NN65fh21st,lobster bisque soup
RU38qu83jx,chocolate cheese cake
SW46ql79nv,champagne sauce
DG81kl07ks,rigatoni carbonara
XJ82gr03ci,steamed vegetables
YI60aw26gq,smoked beef
QN27qo92zc,fried cauliflower
OM73jz38py,beets salad
NJ56mj45gj,apple spice cake
PG85lg31ko,crapes
QR02ah02pm,organic apple juice
OI24mo96pq,selected fruits
TW78zy85uh,spritzer
JL03zs54ct,fresh artichoke
WK96ba14vl,fresh pears
MN15nq90kz,lemon cakes
BK60ay74lb,wild duck
LO00hs72kf,fried chicken wings
RR91ys73it,halibut
XR78um57rz,almond slices
NI32jb78kw,smoked meat
AD63jl59vu,scallop sandwich
NN27mp82iy,bittersweet chocolate
CG06dw77om,fresh smoked salmon
EH12os74nk,fish salad
DL10fx74qn,canapés
FC87cb33pp,camomile
WF60fr73to,fried tofu
FI37wl84td,large salad
IT35dr62ky,sweetcorn
OE85ek15af,milk coffee
VX15ap26qm,rhubarb tart
GT77ss25ub,rabo de buey
FV19nb89vo,fruit soda
HT76jx69qi,stuffed figs
DV89vv39md,lagers
VW38nw87nw,mermelada
AA64sw67ha,one poached egg
HI02if55be,chocolate biscuits
BS65gt45cl,sliced orange
AV69wk06ri,whole tomato
NT63uz93nd,chocolate decadence
YO84vv22up,confiture
YI12rp41ji,shrimp croquette
HZ93lc24of,de cebolla
GU12fe76if,lobster roll
HS02zg67cs,vegetarian thali
TH96oz31zk,lengua
AK70jn30il,absolut
PL79zz03qc,raisin pie
IN75ys94qu,valencia
FH47gw29xh,homemade noodle
AN86mm38jg,souffle
KZ96kd77kr,minestrone
BQ06va29jj,celery soup
MA19jz39vp,monte cristo sandwich
EQ22pc03hb,special ice cream
NX79nr31ek,spring roll
RN05mq01ji,lima beans
HK43em75sv,wine suggestions
DJ09on48oc,plain white rice
HY35ra53ws,roast beef croquettes
GT01na98ne,tunafish
BJ80ju08el,worcestershire sauce
FW34sb35wr,meat patties
LI48oh40vr,fresh orange slices
KE91ud76ck,assorted nuts
QU10dx18ql,codorniz
XP08zw30ic,half liter
QR23da27zd,grilled steaks
YZ20is69cs,fried chips
GH64uh46ai,homemade cheese cake
XJ32qc68ok,tomatoe salad
SV02bd23qv,corn flakes
DV40gn38pd,strawberry mousse
RA79tm43cg,boneless chicken
CL03zb41gu,salad bowl
VI86yv18nc,sweetbread
HX79zq99fc,clubs
KO91wl97oh,seafood gazpacho
GD34rq45ee,steamed asparagus
FN68kh56ls,manilla
YK10th23nn,riso
VC38hc68er,40
TG17az01sr,pan blanco
NB81xz62do,baked cod
UX00hf00xw,fresa
TC70tk18zx,limón
YE24bu97yt,haddock
UR14ae48yf,fried whiting
KT90ln34ea,prime beef
KP59bd48lf,macaroni croquettes
IQ65jf38al,tomato jelly
JW50qk86tp,melon balls
KL71hb40df,steak fajitas
XQ97ns79mk,fresh crab meat
AR53gg91nd,sirup
GZ89dm97we,blood pudding
LR01ka38zl,steamed milk
CF76vm40ul,hot appetizers
YO68dy77od,bacon sandwiches
KP52vf26hu,gaspacho
DM56hh15mj,fruit sauce
EG32ct67zl,roast beef sandwhich
VR29tq97gb,lentils soup
ZD86tn33ne,vegetable broth
LM46wz53ie,risotto au parmesan
OL86ss05ch,rum old fashioned
ES31md84zu,shabu shabu
XH16yl23cd,crispy shoestring potatoes
TY99iq66wp,toasted brioche
AN43ma12oy,coco cola
GM88jb28ig,stuffed red pepper
KV12ur97mj,stuffed artichokes
DW60jz99it,frische
KQ32tf28to,giant asparagus
DW90br79nn,hot pot
QN92ff22cf,sauteed asparagus
QZ72qx30im,toast -
UY33od87lj,beef ham
RL81gd45sx,seared ahi
YR79xj93tj,calamari fritti
JJ03ur85yq,fruit soup
AL82np00mj,seltzer water
NB84qy29fo,whipped potatoes
TD49kr17rc,fresh peas
IJ97xo76hg,salted anchovies
XQ86qs22zt,pear tart
WK30al15aj,beef eater
SF85ne30ic,fried cod fish
NX60ms26es,casserole dishes
HH49en22sx,prosciutto cotto
LX08jw82bp,lemon merengue pie
RL36yk13ml,hamon
VG57zc09ka,mash potatoes
JD71wl88dk,duck salad
GR62ij96he,eels
ZV59vy91wn,pimiento
SN91tf36ji,orange liqueur
EZ45yd80lp,chocolate cream dessert
VZ13gy38nk,mushroom cream soup
NT34vt64cc,jacket potato
UN47zu14ri,green cabbage
NS26aw79jd,quiche lorraine
MH09vi09zu,vin
NP78xd11jb,breaded eggplant
RY74rn06yj,fettuccine alfredo
HG20sc89up,spiced chicken
GL64ff07mf,pork ham
LK37gd66ei,apple pies
OJ33dw85yw,rockfish
JH79bz95ef,fresh grapefruit
QE66ru90xf,fresh strawberry
DC24oa00ns,double espresso
BR21mf80cb,meatball sandwich
ZU70ow04lw,supper
RR10id44zd,all milk
IQ28ze81zi,moscato
KD98qq24vg,gherkins
UW57my54kf,blueberry pancake
KQ32db92ip,apple compote
OX16ex50ef,beans salad
KK73fm23jl,camomille tea
IC29ro72ta,cheese toast
SX58vx28pp,chicken cutlets
OD84ht43af,peking duck
XK40fg76zj,hot milk
DX89gg28iy,chicken sausage
LL16dz95xs,sambuca
KI06oc88px,fernet
DU63xo41hc,orgeat
VF87au70jg,bitter
LG26mi93yu,gremolata
CT37xk08of,turnovers
HN85fg78wf,egg salad
DM31lv06uz,orange marmalade
WA10un31dj,corn cakes
ZU26qk91hi,stingray
GT41qg78ks,port wine sauce
MA08ax90do,baked scallops
PK71ir77fs,futomaki
ZL70la83yo,schweppes tonic
AA84wx01qz,guiness
HD97qk07pf,philadelphia cheese
CL87uk66yx,croque monsieur
KH96uc03xy,spaghetti omelette
KO35bq35jl,mousse de chocolate
GB84sj23jh,endive
ZE03sl69bu,sausage pizza
PY79cz57bp,frappes
ZP94aq88wc,pearl barley
UC93px22pz,mint chocolate parfait
CD65re54pg,flying fish roe
FI71gy14co,chicken pot pie
PF12ww77fj,pickled salmon
HC07cc14ln,liver pate
QW41zz76lq,frozen dessert
TP61to92um,red bean ice cream
RT47yz44wl,sauteed prawns
LF28uc78xy,fresh toast
GL10qg80kz,curry clams
CA87ql67ro,fried sweet potatoes
QN87xr90sh,seagrams gin
VR44wl19ju,mustard greens
MW94pi09vj,cup
UJ53zq71pl,coffee cream
ZF89dv46vr,toasted bun
ZL28ct35te,squash salad
IW77ze59tx,vegetable rice
SO74fz16ay,spaghetti alla carbonara
GN67yf16rs,boiled shrimp
TM87ut89jj,hazelnut mousse
MN47ig88fx,solera
PM01nq44ya,nut butter
FN32if87cf,apple slices
XB70os77xs,moscatel
MW00is67nw,moka
IP09ds04aa,navy beans
MT55tr82qf,nectarines
NZ53jg95aq,frites
YO86lu57st,torte
DG40jh43xp,baked apples
ZK61qm56mz,beef teriyaki
FJ69ef55ra,toasted bagel
OA75qr03yt,chilled gazpacho
AI85hm28fh,helados
GA08kh89ps,frozen fish
TU20iy48xs,sake martini
SB88nn33tb,smoked ham
RT06rd74oi,wafers
IK00fm84fs,pilsner urquell
AM51hk22cg,hare
DU51ld58gj,strawberry whipped cream
KY33be24vg,tangerines
TL87lc67sx,la quiche lorraine
UJ85ys90wn,ham & cheese omelette
JR80jf86fd,mints
LS49mx68ex,steamed vegetable plate
LR43dh42ud,rum jelly
NX62jb21sg,tomato bisque
YY03sk08eh,pigeon
GL19uf10sh,cherry sorbet
KE75om50bv,parsley butter
NY50kf01kv,deviled crab
CR05dr61ca,bread butter pudding
EG99mt65df,vers fruit
PC68qm28fc,paratha
RQ23jv58na,blended juice
WF52vq79xl,mince meat
IK56pd11qa,pastel de manzana
